0,0.037,-0.052,1.005,-0.072,-0.107,0.451
25,0.039,-0.053,1.001,0.023,-0.653,0.443
50,0.037,-0.054,1.007,-0.7,-0.42,0.373
75,0.036,-0.049,1.008,-1.05,-0.327,0
100,0.041,-0.052,1.005,0.7,0.117,0.77
125,0.041,-0.054,1.003,1.003,-0.047,0.373
150,0.04,-0.05,1.004,0.257,-0.327,0.047
175,0.036,-0.052,1.007,-0.07,-0.77,-0.023
200,0.036,-0.054,1.006,-0.63,-0.63,0.257
225,0.037,-0.052,1.005,-0.163,0.677,0.677
250,0.04,-0.054,1.002,0.28,0.187,1.027
275,0.038,-0.053,1.006,0.933,0.303,0.49
300,0.037,-0.053,1.002,-0.21,-0.373,0.117
325,0.034,-0.052,1.005,0.537,-0.093,0.443
350,0.035,-0.052,1.003,-0.653,-0.583,-0.047
375,0.036,-0.052,1.007,-0.84,-0.397,-0.257
400,0.039,-0.053,1.005,-0.07,-0.303,0.35
425,0.035,-0.05,1.004,0.513,0.047,0.653
450,0.039,-0.053,1.004,0.583,-0.07,0.56
475,0.037,-0.056,1.002,0.163,-0.21,0.257
500,0.039,-0.049,1.008,-0.747,-0.21,-0.653
525,0.039,-0.05,1.004,0.303,-0.023,0.373
550,0.03,-0.055,1.007,0.723,0.257,-0.28
575,0.032,-0.056,1.004,0.513,0.093,0.163
600,0.028,-0.054,1.007,0.42,-0.187,-0.98
625,0.024,-0.052,1.006,1.307,0.653,-2.38
650,0.027,-0.058,1.004,0.793,0.373,-3.943
675,0.025,-0.055,1.004,-0.77,0.117,-5.483
700,0.027,-0.054,1.004,-1.423,-0.023,-7.117
725,0.028,-0.053,1.006,-0.187,0.607,-8.47
750,0.032,-0.054,1.006,0.023,0.583,-9.31
775,0.03,-0.057,1.007,0.14,0,-10.803
800,0.026,-0.053,1.007,-0.607,-0.7,-12.693
825,0.033,-0.055,1.005,-0.957,-0.327,-13.837
850,0.031,-0.054,1.005,-0.56,0.233,-14.14
875,0.034,-0.051,1.008,-0.163,0.747,-14.817
900,0.034,-0.054,1.005,0.07,0.537,-15.54
925,0.032,-0.054,1.007,0.42,1.167,-16.427
950,0.034,-0.052,1.002,0.093,0.793,-17.01
975,0.033,-0.051,1.005,-1.283,0.117,-18.153
1000,0.032,-0.051,1.009,-1.353,0.35,-18.923
1025,0.032,-0.051,1.003,-0.98,0.56,-19.133
1050,0.031,-0.054,1.004,-0.607,1.097,-19.273
1075,0.035,-0.055,1,-0.303,0.77,-20.183
1100,0.034,-0.05,1.007,-0.817,0.537,-20.93
1125,0.034,-0.052,1.006,-1.563,0.327,-21.7
1150,0.032,-0.05,1.006,-1.563,1.003,-22.05
1175,0.033,-0.053,1.007,-0.653,0.77,-22.26
1200,0.033,-0.056,1.005,-0.21,0.793,-22.867
1225,0.028,-0.05,1.001,-0.373,1.143,-23.427
1250,0.031,-0.046,1.007,0.233,1.237,-24.313
1275,0.028,-0.049,1.009,-0.257,0.583,-25.153
1300,0.032,-0.052,1.005,-1.073,0.443,-26.133
1325,0.034,-0.058,1.005,-1.493,1.027,-27.183
1350,0.034,-0.053,1.001,-1.47,0.957,-27.813
1375,0.029,-0.049,1.008,-0.327,1.563,-28.047
1400,0.03,-0.045,1.006,-0.163,1.237,-29.003
1425,0.03,-0.047,1.008,-0.817,1.003,-30.123
1450,0.031,-0.051,1.006,-1.797,0.513,-30.777
1475,0.032,-0.052,1.003,-1.493,1.213,-30.893
1500,0.043,-0.048,1.001,-0.14,1.237,-30.66
1525,0.043,-0.045,1.004,-0.863,0.677,-31.593
1550,0.044,-0.045,1.007,-0.723,0.583,-31.267
1575,0.035,-0.048,1,0.023,1.027,-30.403
1600,0.032,-0.046,1.013,-0.77,0.957,-29.913
1625,0.041,-0.054,0.998,-1.493,0.677,-30.52
1650,0.04,-0.043,1.008,-1.05,0.91,-30.777
1675,0.032,-0.05,1.005,-0.327,1.423,-29.843
1700,0.027,-0.048,1.004,0.653,1.867,-30.24
1725,0.033,-0.052,1.008,-0.233,1.213,-30.473
1750,0.036,-0.048,1,-1.33,1.33,-31.337
1775,0.035,-0.046,1.006,-0.84,1.563,-31.313
1800,0.03,-0.049,1.005,-0.747,1.33,-31.803
1825,0.031,-0.045,1.007,-1.843,0.7,-32.433
1850,0.034,-0.048,1.004,-0.653,1.12,-32.737
1875,0.04,-0.049,1.005,0.047,1.237,-32.923
1900,0.035,-0.048,1.002,0.187,1.073,-33.483
1925,0.03,-0.049,1.006,-1.353,1.003,-33.53
1950,0.033,-0.05,1.006,-1.167,0.42,-34.043
1975,0.032,-0.05,1.005,-0.793,0.98,-33.507
2000,0.034,-0.044,1.006,-0.327,1.447,-32.97
2025,0.033,-0.045,1.005,0.467,1.493,-33.343
2050,0.031,-0.046,1.008,-0.093,1.633,-33.53
2075,0.032,-0.051,1.001,-1.61,0.887,-34.417
2100,0.035,-0.048,1.005,-1.517,1.26,-34.487
2125,0.037,-0.045,1.003,-1.703,0.747,-35.49
2150,0.033,-0.045,1.007,-2.053,1.003,-35.84
2175,0.033,-0.047,1.002,-0.397,1.26,-35.56
2200,0.035,-0.047,1.005,-0.233,1.353,-35.327
2225,0.039,-0.048,1.006,-0.723,0.77,-35.327
2250,0.037,-0.047,1.004,-1.587,0.467,-36.377
2275,0.035,-0.046,1.007,-1.26,1.143,-36.447
2300,0.032,-0.047,1.005,-0.56,1.47,-35.933
2325,0.034,-0.046,1.004,0.163,1.75,-35.863
2350,0.029,-0.05,1.004,-0.42,1.26,-36.563
2375,0.029,-0.048,1.004,-1.003,1.027,-36.283
2400,0.038,-0.041,1.007,-1.283,0.957,-36.4
2425,0.042,-0.045,1.002,-1.19,0.817,-36.75
2450,0.036,-0.046,1.003,-1.89,0.84,-36.937
2475,0.035,-0.048,1.008,-1.96,1.4,-36.587
2500,0.035,-0.048,1,-1.517,0.98,-35.653
2525,0.036,-0.047,1.005,-1.213,1.19,-36.283
2550,0.038,-0.042,1.007,-1.4,0.583,-36.027
2575,0.041,-0.045,1.004,-1.82,1.237,-36.283
2600,0.035,-0.047,1.003,-1.003,1.353,-35.49
2625,0.033,-0.049,1.003,-0.7,1.61,-34.533
2650,0.033,-0.044,1.007,-0.07,1.937,-34.65
2675,0.034,-0.041,1.006,-0.677,1.54,-35.163
2700,0.033,-0.045,1.006,-1.61,1.213,-35.443
2725,0.032,-0.047,1.005,-1.727,1.26,-35.677
2750,0.032,-0.052,1.002,-2.217,1.12,-36.05
2775,0.031,-0.046,1.005,-1.797,0.933,-36.097
2800,0.031,-0.044,1.003,-1.447,1.493,-36.143
2825,0.032,-0.043,1.008,-0.373,1.493,-36.003
2850,0.032,-0.048,1.006,-0.98,1.12,-36.563
2875,0.032,-0.048,1.003,-1.913,0.607,-37.52
2900,0.032,-0.045,1.005,-2.357,1.097,-37.987
2925,0.032,-0.044,1.006,-1.353,1.517,-38.057
2950,0.029,-0.048,1.005,-0.7,1.89,-38.057
2975,0.029,-0.047,1.003,-0.023,1.96,-39.06
3000,0.032,-0.045,1.005,-1.073,1.143,-40.04
3025,0.031,-0.047,1.006,-0.957,1.68,-40.32
3050,0.032,-0.044,1.005,-1.4,1.12,-41.16
3075,0.029,-0.044,1.004,-1.913,1.423,-41.813
3100,0.031,-0.045,1.006,-1.843,1.12,-42.093
3125,0.031,-0.046,1.007,-1.213,1.843,-42.187
3150,0.03,-0.046,1.006,-0.933,1.517,-42.56
3175,0.032,-0.044,1.004,-1.19,1.4,-43.587
3200,0.029,-0.046,1.007,-2.707,1.237,-44.497
3225,0.03,-0.043,1.004,-1.89,1.773,-44.893
3250,0.031,-0.045,1.006,-1.68,2.263,-44.613
3275,0.034,-0.044,1.005,-0.443,2.007,-45.033
3300,0.032,-0.042,1.003,-0.957,1.68,-45.64
3325,0.034,-0.043,1.006,-0.303,1.423,-45.827
3350,0.034,-0.046,1.007,-1.027,1.447,-46.363
3375,0.033,-0.042,1.005,-2.053,0.84,-46.737
3400,0.035,-0.04,1.006,-2.123,1.167,-46.737
3425,0.032,-0.041,1.008,-1.587,1.96,-46.527
3450,0.036,-0.047,1.007,-0.49,2.287,-46.363
3475,0.034,-0.043,1.003,-0.7,1.983,-47.18
3500,0.035,-0.044,1.006,-1.633,1.447,-47.087
3525,0.035,-0.042,1.004,-2.1,1.727,-47.203
3550,0.03,-0.04,1.01,-2.147,2.637,-46.223
3575,0.03,-0.041,1.007,-0.957,2.427,-45.687
3600,0.033,-0.042,1.002,-1.167,2.03,-46.34
3625,0.035,-0.043,1.005,-1.167,2.03,-46.457
3650,0.031,-0.043,1.003,-1.143,1.727,-46.387
3675,0.027,-0.044,1.007,-1.423,1.423,-46.877
3700,0.036,-0.043,1.005,-1.96,1.283,-47.343
3725,0.034,-0.041,1.002,-1.517,1.657,-47.367
3750,0.033,-0.04,1.007,-0.817,1.727,-46.48
3775,0.031,-0.042,1.002,-0.303,1.96,-46.877
3800,0.032,-0.043,1.004,-1.19,1.867,-46.923
3825,0.035,-0.043,1.004,-1.633,1.797,-47.507
3850,0.035,-0.044,1.004,-1.983,1.913,-47.46
3875,0.035,-0.045,1.009,-0.863,1.913,-46.737
3900,0.033,-0.041,1.007,-0.467,1.61,-45.967
3925,0.032,-0.041,1.006,-1.447,1.82,-46.34
3950,0.034,-0.044,1.005,-0.14,1.773,-46.107
3975,0.033,-0.044,1.002,-1.027,1.773,-46.27
4000,0.035,-0.042,1.004,-1.353,1.423,-46.597
4025,0.035,-0.041,1.007,-1.423,1.283,-46.27
4050,0.032,-0.041,1.006,-1.167,2.077,-45.92
4075,0.034,-0.042,1.005,-0.35,2.077,-44.87
4100,0.033,-0.041,1.007,0.327,1.773,-45.22
4125,0.035,-0.041,1.002,-1.073,1.4,-45.523
4150,0.035,-0.045,1.006,-1.143,1.283,-45.523
4175,0.031,-0.041,1.009,-1.143,1.633,-44.73
4200,0.035,-0.043,1.004,-0.887,1.68,-44.24
4225,0.034,-0.043,1.006,-2.03,1.237,-44.567
4250,0.036,-0.04,1.005,-1.05,1.797,-43.657
4275,0.031,-0.048,1.002,-1.097,2.007,-43.61
4300,0.039,-0.047,1.008,-1.143,1.75,-43.75
4325,0.028,-0.05,1.002,-2.263,1.47,-44.543
4350,0.03,-0.037,1.009,-2.053,1.867,-44.123
4375,0.028,-0.043,1.008,-0.327,1.96,-43.913
4400,0.03,-0.041,1.004,-0.14,2.123,-43.47
4425,0.034,-0.051,1.008,-0.98,1.797,-44.193
4450,0.031,-0.052,0.995,-1.75,1.097,-44.73
4475,0.035,-0.042,1.01,-1.96,1.937,-44.38
4500,0.025,-0.038,1.004,-1.283,1.377,-44.777
4525,0.029,-0.044,1.009,-2.45,1.213,-44.94
4550,0.032,-0.046,0.996,-2.077,1.47,-45.15
4575,0.035,-0.044,1.006,-1.26,2.123,-44.823
4600,0.032,-0.046,1.004,-0.84,1.773,-45.29
4625,0.03,-0.045,1.005,-1.4,1.657,-45.5
4650,0.027,-0.045,1.009,-2.31,1.96,-46.107
4675,0.03,-0.046,1.001,-1.983,1.54,-45.897
4700,0.031,-0.043,1.007,-1.097,2.03,-45.5
4725,0.032,-0.044,1.004,-0.443,1.517,-45.57
4750,0.034,-0.043,1.007,-1.307,1.237,-46.597
4775,0.034,-0.045,1.007,-1.703,0.887,-46.48
4800,0.033,-0.046,1.006,-1.983,1.26,-45.92
4825,0.034,-0.043,1.007,-2.077,1.26,-45.85
4850,0.036,-0.043,1.001,-2.24,1.283,-45.407
4875,0.034,-0.044,1.006,-1.213,1.727,-44.847
4900,0.031,-0.044,1.004,-0.537,2.287,-44.427
4925,0.036,-0.04,1.004,-1.003,1.913,-44.473
4950,0.035,-0.041,1.005,-2.217,1.587,-44.147
4975,0.033,-0.045,1.005,-2.38,2.007,-44.077
5000,0.03,-0.053,1.006,-1.773,2.17,-43.727
5025,0.031,-0.049,1.002,-0.84,2.473,-43.283
5050,0.032,-0.044,1.006,-1.307,1.563,-43.68
5075,0.033,-0.038,1.006,-1.82,1.47,-44.17
5100,0.03,-0.05,1.001,-2.473,1.353,-43.773
5125,0.032,-0.045,1.007,-2.753,1.423,-43.937
5150,0.031,-0.046,1.007,-2.357,0.817,-44.123
5175,0.028,-0.047,1.005,-1.983,1.937,-44.287
5200,0.031,-0.049,1.003,-0.817,2.543,-44.287
5225,0.031,-0.044,1.006,-0.77,1.493,-44.683
5250,0.031,-0.046,1.002,-1.447,1.61,-45.36
5275,0.033,-0.043,1.006,-1.773,1.68,-45.64
5300,0.031,-0.044,1.007,-1.563,1.983,-45.523
5325,0.029,-0.05,1,-1.54,1.657,-45.057
5350,0.032,-0.046,1.006,-1.587,1.773,-45.99
5375,0.03,-0.055,1.002,-1.983,1.4,-46.013
5400,0.044,-0.046,1.006,-2.427,1.563,-46.643
5425,0.023,-0.036,1.013,-0.467,0.84,-45.313
5450,0.035,-0.051,1.009,-1.867,1.12,-45.617
5475,0.024,-0.033,1,-1.61,2.17,-45.337
5500,0.032,-0.038,1.016,-0.63,2.31,-44.17
5525,0.046,-0.046,0.99,-0.583,1.75,-43.89
5550,0.03,-0.044,1.011,-0.583,2.077,-43.61
5575,0.034,-0.045,1.006,-1.587,1.563,-43.353
5600,0.024,-0.04,0.997,-1.89,1.33,-42.84
5625,0.032,-0.045,1.013,-1.563,1.61,-42.42
5650,0.042,-0.049,0.994,-1.26,1.353,-41.767
5675,0.027,-0.042,1.012,-0.56,1.073,-41.697
5700,0.047,-0.042,0.992,-2.053,0.35,-41.953
5725,0.04,-0.037,1.015,0.023,1.26,-40.577
5750,0.038,-0.041,1.003,-0.933,0.887,-40.297
5775,0.028,-0.046,0.996,-1.423,1.307,-39.667
5800,0.029,-0.051,1.02,-1.213,1.797,-39.083
5825,0.035,-0.053,0.992,-0.49,1.75,-37.823
5850,0.043,-0.042,1.014,0.14,2.123,-37.24
5875,0.031,-0.033,1.009,-0.607,0.98,-36.75
5900,0.035,-0.048,0.999,-1.12,1.447,-36.983
5925,0.03,-0.049,1.009,-1.563,1.727,-36.143
5950,0.034,-0.052,1.004,-1.19,0.467,-35.607
5975,0.031,-0.054,1.007,-1.05,0.42,-34.883
6000,0.029,-0.04,1.006,-0.98,0.957,-35.583
6025,0.033,-0.044,1.008,-0.163,0.957,-35.14
6050,0.038,-0.045,1.003,-1.073,0.303,-35.677
6075,0.03,-0.046,1.006,-2.31,1.073,-35.98
6100,0.027,-0.052,0.999,-1.26,1.843,-36.027
6125,0.033,-0.05,1.004,-0.513,2.147,-36.097
6150,0.029,-0.046,1.008,0.07,1.423,-35.933
6175,0.03,-0.044,1.004,-0.117,1.027,-36.563
6200,0.032,-0.047,1.006,-0.817,0.91,-36.773
6225,0.029,-0.04,1.003,-1.353,1.097,-36.68
6250,0.036,-0.05,1.009,-1.703,0.91,-35.467
6275,0.034,-0.053,0.997,-0.91,1.003,-35.49
6300,0.036,-0.049,1.007,-0.677,1.307,-35.957
6325,0.03,-0.049,1.002,-0.7,1.33,-36.097
6350,0.032,-0.047,1.011,-1.167,1.307,-36.237
6375,0.034,-0.047,1.003,-0.723,1.33,-36.633
6400,0.028,-0.044,1.006,-0.957,1.82,-37.123
6425,0.034,-0.048,1.007,-0.957,1.797,-36.657
6450,0.037,-0.05,0.998,-0.49,2.147,-36.283
6475,0.03,-0.045,1.007,-0.163,1.517,-35.42
6500,0.031,-0.045,1.004,-0.793,1.143,-36.097
6525,0.034,-0.045,1.007,-1.703,0.887,-36.19
6550,0.035,-0.049,1.009,-1.75,0.56,-36.54
6575,0.034,-0.049,1.003,-0.49,1.283,-35.933
6600,0.035,-0.051,1.003,-0.373,0.513,-35.677
6625,0.03,-0.047,1.006,-1.027,1.493,-36.027
6650,0.032,-0.047,1.01,-0.14,1.633,-35.723
6675,0.033,-0.046,1.005,-0.817,1.423,-36.027
6700,0.032,-0.047,1.009,-1.377,1.493,-36.19
6725,0.03,-0.048,1,-2.007,1.657,-36.213
6750,0.029,-0.048,1.006,-1.237,2.567,-36.12
6775,0.026,-0.045,1.005,-0.653,1.75,-36.353
6800,0.03,-0.046,1.006,-0.723,1.633,-36.47
6825,0.031,-0.049,1.007,-1.657,0.723,-37.473
6850,0.031,-0.052,1.005,-2.147,0.49,-37.777
6875,0.027,-0.049,1.008,-2.077,0.7,-37.777
6900,0.032,-0.049,1.004,-1.19,0.91,-37.637
6925,0.033,-0.05,1.006,-1.283,1.47,-38.85
6950,0.032,-0.05,1.007,-1.4,1.447,-38.873
6975,0.032,-0.055,1.003,-1.353,1.353,-39.737
7000,0.032,-0.05,1.001,-1.307,1.517,-40.903
7025,0.029,-0.045,1.007,-1.773,1.563,-41.557
7050,0.031,-0.05,1.001,-1.633,1.843,-42
7075,0.034,-0.047,1.005,-0.163,2.1,-41.323
7100,0.028,-0.048,1.003,-0.933,1.773,-42.56
7125,0.026,-0.05,1.004,-1.4,1.237,-43.027
7150,0.032,-0.053,1.006,-2.053,1.26,-43.797
7175,0.025,-0.043,1.007,-2.45,1.33,-44.287
7200,0.03,-0.047,1.008,-1.213,2.217,-44.357
7225,0.034,-0.046,1.004,-1.423,1.843,-44.497
7250,0.035,-0.049,1.002,-1.703,1.703,-44.917
7275,0.035,-0.048,1.004,-1.377,1.727,-44.917
7300,0.03,-0.046,1.006,-0.887,1.143,-45.08
7325,0.033,-0.045,1.008,-1.167,1.587,-45.57
7350,0.037,-0.051,1.004,-2.38,1.4,-45.08
7375,0.039,-0.049,1.006,-1.983,1.68,-44.543
7400,0.031,-0.046,1.007,-1.33,1.96,-44.287
7425,0.034,-0.043,1.006,-1.003,2.24,-44.543
7450,0.032,-0.047,1.004,-1.33,2.053,-44.637
7475,0.037,-0.05,1.002,-1.96,1.68,-45.383
7500,0.032,-0.045,1.007,-1.867,1.82,-44.17
7525,0.032,-0.049,1.002,-0.957,1.493,-43.657
7550,0.03,-0.046,1.011,-1.47,1.26,-44.007
7575,0.031,-0.05,1.006,-1.283,1.003,-42.793
7600,0.036,-0.053,0.998,-1.33,1.47,-42.98
7625,0.035,-0.048,1.005,-2.03,1.447,-43.05
7650,0.037,-0.046,1.005,-2.263,1.517,-43.633
7675,0.035,-0.051,1.005,-1.633,1.68,-42.84
7700,0.029,-0.051,1.003,-0.443,2.263,-42.677
7725,0.027,-0.046,1.007,-0.607,2.053,-42.397
7750,0.035,-0.045,1.005,-0.91,1.47,-42.91
7775,0.039,-0.048,1.004,-1.517,1.913,-43.213
7800,0.035,-0.051,1.003,-0.957,2.007,-42.373
7825,0.031,-0.049,1.007,-1.937,1.003,-43.61
7850,0.033,-0.045,1.005,-1.33,1.493,-42.84
7875,0.033,-0.046,1.007,-1.097,1.82,-43.027
7900,0.034,-0.047,1.004,-0.653,1.633,-42.653
7925,0.034,-0.052,1.005,-0.817,1.237,-43.097
7950,0.03,-0.048,1.007,-1.353,1.143,-43.167
7975,0.032,-0.049,1.006,-1.447,0.98,-43.563
8000,0.032,-0.046,1.004,-1.89,1.867,-42.91
8025,0.032,-0.047,1.007,-0.443,2.427,-42.443
8050,0.038,-0.049,1.002,-0.56,1.773,-42.63
8100,0.032,-0.048,1.005,-2.333,1.423,-43.027
8125,0.037,-0.048,1.005,-1.657,1.19,-43.353
8150,0.031,-0.048,1.01,-2.147,1.19,-43.213
8175,0.032,-0.051,1.005,-1.587,1.003,-42.7
8200,0.034,-0.045,1.006,-0.42,1.587,-42.513
8225,0.032,-0.048,1.007,-0.117,1.867,-42.443
8250,0.035,-0.048,1.001,-1.097,1.447,-43.027
8275,0.031,-0.049,1.007,-1.843,1.097,-43.517
8300,0.032,-0.046,1.005,-1.587,2.007,-43.377
8325,0.038,-0.052,1.006,-0.933,2.263,-43.027
8350,0.031,-0.05,1.004,-0.303,1.633,-43.47
8375,0.031,-0.046,1.008,-0.723,1.283,-43.587
8400,0.033,-0.05,1.002,-1.587,1.237,-44.497
8425,0.034,-0.043,1.005,-0.77,1.54,-44.31
8450,0.034,-0.049,1.002,-1.12,1.003,-44.567
8475,0.033,-0.048,1.005,-2.193,1.447,-44.94
8500,0.032,-0.047,1.007,-2.1,1.75,-44.567
8525,0.033,-0.045,1.007,-0.653,1.843,-44.87
8550,0.035,-0.047,1.005,-1.447,1.633,-45.057
8575,0.032,-0.052,1.004,-1.54,1.68,-45.5
8600,0.029,-0.05,1.005,-1.96,1.563,-45.64
8625,0.029,-0.047,1.004,-0.723,1.773,-44.87
8650,0.034,-0.043,1.005,-0.56,1.843,-45.057
8675,0.034,-0.047,1.006,-0.77,1.54,-45.22
8700,0.033,-0.05,1.004,-1.867,1.33,-45.897
8725,0.033,-0.047,1.003,-1.003,1.423,-45.267
8750,0.036,-0.047,1.004,-2.03,0.933,-46.48
8775,0.033,-0.042,1.005,-2.823,1.68,-46.433
8800,0.032,-0.05,1.007,-2.007,1.843,-46.27
8825,0.03,-0.052,1.007,-1.073,1.96,-46.503
8850,0.034,-0.043,1.007,-0.723,2.38,-47.11
8875,0.037,-0.045,1.004,-0.793,1.353,-46.877
8900,0.032,-0.043,1.007,-1.353,1.283,-47.25
8925,0.04,-0.048,1.001,-2.007,1.983,-46.62
8950,0.036,-0.046,1.002,-1.493,1.61,-46.433
8975,0.039,-0.047,1.007,-2.03,1.237,-46.573
9000,0.033,-0.043,1.007,-1.377,1.19,-46.457
9025,0.037,-0.048,1.009,-1.773,2.053,-46.13
9050,0.032,-0.047,1.001,-1.517,1.447,-45.523
9075,0.041,-0.045,1.01,-1.657,1.493,-45.547
9100,0.042,-0.045,1.001,-1.633,1.307,-45.547
9125,0.041,-0.047,1.004,-1.96,2.263,-44.94
9150,0.039,-0.05,1.007,-0.91,2.147,-43.68
9175,0.035,-0.042,1.004,-0.817,1.867,-43.843
9200,0.036,-0.044,1.004,-1.937,1.493,-44.147
9225,0.036,-0.048,1.006,-2.427,1.657,-43.773
9250,0.042,-0.048,1.004,-1.61,1.657,-42.723
9275,0.039,-0.046,1.002,-1.003,1.61,-42.093
9300,0.041,-0.042,1.005,-0.723,1.097,-41.72
9325,0.04,-0.048,1.003,-0.537,1.937,-40.623
9350,0.042,-0.049,1.007,-0.537,1.843,-40.04
9375,0.043,-0.05,0.997,-1.89,0.397,-40.203
9400,0.038,-0.042,1.006,-2.217,1.68,-39.247
9425,0.043,-0.045,1.005,-1.797,1.983,-38.383
9450,0.038,-0.048,1.004,-1.447,2.123,-38.01
9475,0.041,-0.052,1.003,-0.397,1.773,-37.403
9500,0.04,-0.049,1.004,-1.33,1.12,-37.777
9525,0.04,-0.046,1.009,-2.077,0.747,-37.38
9550,0.037,-0.048,1.006,-1.47,0.887,-36.75
9575,0.04,-0.049,1.004,-1.26,1.633,-35.863
9600,0.033,-0.049,1.007,-0.77,1.143,-35.887
9625,0.04,-0.05,1.006,-0.77,1.19,-34.93
9650,0.045,-0.048,1.004,-0.163,1.493,-34.067
9675,0.042,-0.044,1.003,-0.957,1.027,-34.3
9700,0.043,-0.046,1.008,-1.54,0.91,-33.81
9725,0.037,-0.047,1.007,-0.933,1.47,-33.6
9750,0.038,-0.05,1.005,-2.1,1.12,-33.203
9775,0.041,-0.051,1.001,-1.237,1.167,-32.457
9800,0.036,-0.048,1.004,-0.817,0.887,-31.803
9825,0.042,-0.044,1.007,-0.957,0.817,-31.71
9850,0.04,-0.044,1.006,-1.937,0.91,-31.943
9875,0.04,-0.049,1.009,-1.89,1.143,-30.847
9900,0.038,-0.05,1.003,-0.42,1.33,-30.497
9925,0.039,-0.047,1.006,-1.143,1.12,-30.357
9950,0.035,-0.045,1.007,-2.053,1.073,-30.567
9975,0.041,-0.05,1.001,-0.863,0.863,-29.937
10000,0.036,-0.05,1.004,0.093,1.213,-29.633
10025,0.037,-0.048,1.005,-1.727,1.097,-30.31
10050,0.035,-0.051,1.006,-1.283,1.073,-29.89
10075,0.032,-0.048,1.007,-0.747,1.377,-29.563
10100,0.034,-0.046,1.005,-0.257,1.563,-29.61
10125,0.036,-0.05,1.007,-0.607,1.33,-30.193
10150,0.034,-0.049,1.008,-1.307,0.56,-31.01
10175,0.035,-0.048,1.005,-1.19,0.817,-30.73
10200,0.034,-0.048,1.007,-1.003,1.167,-31.313
10225,0.033,-0.05,1.007,-0.84,0.63,-31.85
10250,0.036,-0.052,1.002,-0.047,1.237,-31.36
10275,0.035,-0.052,1.004,0.047,1.167,-31.757
10300,0.035,-0.051,1.004,-0.35,1.19,-31.967
10325,0.033,-0.048,1.008,-1.563,0.933,-32.9
10350,0.033,-0.049,1.007,-1.307,0.793,-33.18
10375,0.038,-0.05,1.002,-0.373,1.4,-33.04
10400,0.033,-0.045,1.003,0.163,1.19,-32.923
10425,0.035,-0.05,1.007,0.023,1.167,-33.273
10450,0.033,-0.047,1.002,-1.237,0.77,-33.6
10475,0.034,-0.044,1.009,-1.307,1.003,-34.137
10500,0.037,-0.05,1.003,-1.843,1.377,-33.74
10525,0.034,-0.047,1.007,-1.167,1.563,-33.67
10550,0.037,-0.047,1.005,-0.863,1.19,-33.927
10575,0.036,-0.049,1.001,-1.33,1.167,-33.717
10600,0.034,-0.047,1.01,-0.537,1.47,-33.973
10625,0.032,-0.047,1.004,-0.187,1.19,-34.277
10650,0.037,-0.049,1.003,-0.7,0.933,-35.14
10675,0.033,-0.044,1.005,-1.377,0.723,-35.023
10700,0.036,-0.048,1.007,-0.84,1.237,-34.253
10725,0.042,-0.046,1.006,-0.56,1.073,-34.743
10750,0.036,-0.046,1.005,-0.793,1.353,-35.35
10775,0.035,-0.044,1.004,-1.657,1.283,-35.187
10800,0.035,-0.052,1.003,-1.517,1.377,-35.327
10825,0.032,-0.043,1.006,-1.68,0.84,-35.7
10850,0.037,-0.047,1.005,-1.61,1.003,-35.98
10875,0.037,-0.047,1.004,-0.443,1.563,-35.467
10900,0.036,-0.05,1.003,-0.373,1.54,-35.467
10925,0.036,-0.05,1.005,-0.28,1.237,-35.21
10950,0.033,-0.045,1.006,-1.307,0.397,-35.957
10975,0.031,-0.044,1.01,-0.957,1.097,-36.073
11000,0.038,-0.05,1.002,-1.703,1.027,-35.863
11025,0.04,-0.048,1.003,0.14,1.26,-35.56
11050,0.042,-0.048,1.005,-0.163,1.097,-35.187
11075,0.043,-0.047,1.006,-0.35,0.817,-34.813
11100,0.04,-0.039,1.007,-1.47,0.817,-34.603
11125,0.043,-0.048,1.005,-1.283,0.21,-34.557
11150,0.04,-0.052,1.003,-1.843,0.817,-33.763
11175,0.039,-0.047,1.006,-1.773,1.633,-32.643
11200,0.04,-0.047,1.003,-0.023,1.633,-31.617
11225,0.044,-0.042,1.003,-0.21,1.68,-30.963
11250,0.039,-0.047,1.003,-1.027,0.957,-31.523
11275,0.038,-0.047,1.004,-1.47,0.793,-31.033
11300,0.04,-0.047,1.006,-1.587,0.443,-30.147
11325,0.04,-0.045,1.004,-0.303,1.073,-29.073
11350,0.038,-0.044,1.005,0.14,0.723,-28.98
11375,0.039,-0.046,1.007,-1.307,0.723,-28.303
11400,0.036,-0.048,1.003,-1.703,0.653,-28.793
11425,0.038,-0.051,1,-0.583,0.887,-28.07
11450,0.036,-0.049,1.004,-2.263,1.143,-28.583
11475,0.036,-0.048,1.006,-2.053,1.12,-28.397
11500,0.035,-0.045,1.003,-1.283,1.47,-28.327
11525,0.04,-0.045,1.006,0.303,1.657,-27.743
11550,0.036,-0.045,1.005,-0.233,0.63,-27.463
11575,0.037,-0.049,1.007,-0.933,0.163,-27.93
11600,0.04,-0.046,1.004,-2.007,0.653,-27.323
11625,0.042,-0.049,1.007,-0.793,0.257,-26.973
11650,0.04,-0.044,1.006,-1.377,0.607,-25.853
11675,0.041,-0.045,1.003,-0.513,0.513,-25.667
11700,0.044,-0.045,1.005,-0.187,0.63,-25.037
11725,0.039,-0.048,1.006,0.397,1.167,-23.707
11750,0.038,-0.049,1.004,-0.56,1.12,-23.637
11775,0.037,-0.049,1.004,-1.493,0.583,-23.473
11800,0.035,-0.048,1.006,-1.4,0.91,-23.193
11825,0.039,-0.045,1.005,-0.163,1.027,-22.237
11850,0.039,-0.046,1.005,-0.303,0.723,-22.353
11875,0.044,-0.045,1.005,-1.05,0.63,-21.91
11900,0.042,-0.05,1.008,-1.26,0.653,-22.26
11925,0.037,-0.05,1.004,-0.91,0.607,-21.21
11950,0.038,-0.047,1.008,-0.887,0.513,-20.953
11975,0.039,-0.044,1.004,-0.093,0.7,-20.207
12000,0.045,-0.048,1.007,-0.093,0.28,-20.253
12025,0.045,-0.048,1.006,0.63,0.56,-19.273
12050,0.04,-0.048,1.004,-0.793,0.56,-19.25
12075,0.038,-0.048,1.004,-1.12,0.63,-19.133
12100,0.036,-0.048,1.003,-1.54,1.003,-17.967
12125,0.037,-0.049,1.002,-0.373,1.003,-17.897
12150,0.04,-0.048,1.006,-0.14,0.91,-17.103
12175,0.037,-0.046,1.004,0.07,0.28,-17.29
12200,0.037,-0.049,1.005,-1.47,0.257,-17.36
12225,0.036,-0.051,1.007,-1.493,-0.07,-17.593
12250,0.04,-0.049,1.005,-1.283,0.56,-16.847
12275,0.036,-0.048,1.002,-0.443,0.677,-16.59
12300,0.037,-0.046,1.007,-0.07,0.653,-16.987
12325,0.037,-0.051,1.007,0.117,0.817,-16.123
12350,0.036,-0.048,1.006,0.42,1.05,-16.193
12375,0.035,-0.053,1.003,-0.397,0.537,-16.893
12400,0.036,-0.049,1.008,-0.677,0.957,-17.523
12425,0.035,-0.049,1.006,-0.35,0.443,-16.94
12450,0.034,-0.048,1.005,-0.723,0.91,-16.637
12475,0.034,-0.051,1.003,-0.28,0.84,-16.847
12500,0.038,-0.052,1.004,-0.373,0.327,-17.22
12525,0.035,-0.051,1.004,-1.727,0.21,-17.897
12550,0.037,-0.049,1.006,-1.12,0.35,-17.78
12575,0.035,-0.05,1.007,-0.793,0.91,-17.407
12600,0.036,-0.052,1.005,0.607,0.327,-17.5
12625,0.038,-0.049,1.004,0.047,0.747,-18.48
12650,0.04,-0.048,1.004,0.583,0.793,-18.083
12675,0.038,-0.048,1.007,0.723,0.7,-18.223
12700,0.033,-0.048,1.003,-1.027,0.047,-19.04
12725,0.035,-0.05,1.003,-1.143,0.56,-18.69
12750,0.038,-0.048,1.005,-1.167,0.397,-18.597
12775,0.039,-0.049,1.004,-0.163,0.84,-18.62
12800,0.036,-0.049,1.007,0.467,0.513,-18.83
12825,0.034,-0.048,1.007,-0.63,0.373,-19.623
12850,0.034,-0.051,1.001,-1.307,0.467,-18.993
12875,0.034,-0.051,1.006,-1.143,0.747,-18.923
12900,0.036,-0.047,1.005,-0.023,0.607,-18.41
12925,0.036,-0.049,1.006,-0.91,0.327,-19.74
12950,0.039,-0.048,1.003,-0.023,0.537,-19.25
12975,0.034,-0.05,1.005,-0.117,0.537,-19.25
13000,0.037,-0.045,1.006,-1.54,0.583,-19.53
13025,0.034,-0.05,1.005,-1.003,0.35,-19.647
13050,0.035,-0.048,1.006,-0.887,0.677,-19.507
13075,0.035,-0.047,1.004,0.373,0.373,-19.18
13100,0.034,-0.045,1.006,0.63,0.677,-19.32
13125,0.037,-0.051,1.005,0.117,0.35,-19.6
13150,0.036,-0.049,1.006,-1.657,0.42,-20.51
13175,0.035,-0.046,1.005,-1.727,0.42,-20.44
13200,0.031,-0.049,1.007,0.023,0.677,-19.74
13225,0.034,-0.049,1.008,-1.493,0.513,-20.673
13250,0.034,-0.05,1.006,-0.35,1.027,-20.393
13275,0.034,-0.049,1.006,-0.023,0.98,-20.837
13300,0.035,-0.049,1.005,-0.117,0.723,-21.187
13325,0.035,-0.049,1.003,-0.327,0.14,-22.167
13350,0.035,-0.045,1.004,-1.493,0.723,-21.817
13375,0.034,-0.048,1.005,-0.793,0.187,-22.377
13400,0.032,-0.05,1.008,-0.373,1.12,-22.143
13425,0.033,-0.05,1.002,0.56,0.513,-22.213
13450,0.034,-0.049,1.005,-0.397,0.653,-22.913
13475,0.035,-0.049,1.006,-1.05,0.373,-23.753
13500,0.034,-0.049,1.006,0.163,1.237,-22.89
13525,0.033,-0.049,1.007,-1.797,0.84,-24.593
13550,0.034,-0.051,1.003,-1.353,0.583,-24.547
13575,0.035,-0.05,1.005,-0.42,1.423,-23.987
13600,0.034,-0.047,1.006,-0.327,1.003,-24.057
13625,0.034,-0.048,1.007,-1.027,0.42,-24.477
13650,0.032,-0.048,1.004,-1.493,0.793,-25.387
13675,0.032,-0.047,1.007,-1.68,1.027,-25.713
13700,0.032,-0.049,1.003,-0.56,1.097,-25.363
13725,0.033,-0.047,1.004,0.28,0.677,-26.273
13750,0.034,-0.048,1.006,-0.677,0.583,-26.787
13775,0.037,-0.049,1.004,-1.33,0.723,-27.417
13800,0.032,-0.046,1.006,-1.073,0.863,-27.277
13825,0.032,-0.047,1.007,-1.61,0.793,-27.58
13850,0.033,-0.046,1.005,-1.587,0.887,-28.327
13875,0.036,-0.046,1.005,-0.327,0.817,-28.187
13900,0.034,-0.047,1.006,-0.397,1.003,-28
13925,0.036,-0.045,1.004,-0.723,0.863,-29.167
13950,0.034,-0.045,1.002,-1.377,1.12,-29.61
13975,0.035,-0.048,1.005,-1.237,0.49,-29.517
14000,0.033,-0.048,1.003,-0.817,0.817,-29.237
14025,0.034,-0.047,1.006,-0.793,1.54,-29.003
14050,0.034,-0.045,1.002,-0.303,1.61,-29.143
14075,0.036,-0.047,1.007,-1.05,1.027,-30.357
14100,0.033,-0.046,1.005,-2.217,1.167,-30.59
14125,0.034,-0.045,1.007,-0.723,1.05,-29.75
14150,0.032,-0.046,1.003,-2.333,0.77,-30.59
14175,0.038,-0.045,1.004,-1.4,0.7,-30.613
14200,0.039,-0.049,1.002,-0.467,1.307,-30.193
14225,0.033,-0.047,1.006,-0.187,1.167,-29.96
14250,0.034,-0.046,1.005,-0.653,0.747,-30.497
14275,0.034,-0.048,1.006,-2.24,0.957,-30.87
14300,0.035,-0.049,1.005,-2.123,0.933,-30.707
14325,0.033,-0.047,1.005,-1.307,1.307,-30.217
14350,0.036,-0.046,1.006,0.35,1.82,-30.147
14375,0.037,-0.05,1.003,0,1.4,-30.683
14400,0.034,-0.046,1.007,-1.353,0.863,-31.197
14425,0.036,-0.045,1.006,-0.093,1.26,-30.333
14450,0.035,-0.044,1.006,-0.77,0.56,-30.287
14475,0.036,-0.048,1.004,-1.47,0.327,-30.287
14500,0.035,-0.047,1.003,-1.143,0.887,-29.633
14525,0.037,-0.044,1.004,0.023,1.027,-29.307
14550,0.036,-0.043,1.005,-0.817,0.933,-29.89
14575,0.032,-0.048,1.008,-1.377,0.513,-29.96
14600,0.03,-0.048,1.001,-0.583,1.213,-29.96
14625,0.039,-0.046,1.002,-1.657,1.143,-29.983
14650,0.039,-0.047,1.004,-0.7,1.26,-29.283
14675,0.037,-0.046,1.004,0.327,1.143,-28.817
14700,0.034,-0.048,1.007,-1.517,0.98,-29.657
14725,0.039,-0.046,1.006,-0.117,0.583,-28.723
14750,0.044,-0.044,1.003,-1.19,0.233,-28.513
14775,0.046,-0.043,1.006,-1.12,0.187,-28.163
14800,0.039,-0.046,1.005,-0.863,0.863,-27.043
14825,0.034,-0.049,1.007,-0.327,1.143,-26.25
14850,0.032,-0.052,1.006,0.257,1.143,-25.76
14875,0.03,-0.047,1.004,-0.537,0.537,-26.833
14900,0.038,-0.048,1.003,-1.003,1.003,-26.787
14925,0.038,-0.045,1.004,-1.283,1.213,-26.25
14950,0.031,-0.048,1.006,-0.863,1.353,-26.25
14975,0.028,-0.055,1.002,0.047,1.447,-26.063
15000,0.031,-0.046,1.008,-0.747,1.097,-27.16
15025,0.034,-0.046,1.005,-0.233,0.607,-27.043
15050,0.035,-0.049,1.005,-0.327,0.98,-27.79
15075,0.033,-0.046,1.006,-0.91,0.42,-28.677
15100,0.034,-0.05,1.006,-2.053,0.467,-28.957
15125,0.034,-0.046,1.004,-0.513,1.307,-28.84
15150,0.035,-0.047,1.008,0.373,1.353,-28.047
15175,0.034,-0.049,1,0.233,1.213,-28.443
15200,0.039,-0.05,1.002,-1.073,0.933,-28.723
15225,0.035,-0.043,1.002,-1.493,1.003,-29.33
15250,0.031,-0.049,1.007,-0.863,1.377,-28.653
15275,0.032,-0.049,1.003,0.35,1.283,-28.443
15300,0.037,-0.048,1.005,-0.537,1.353,-28.56
15325,0.035,-0.048,0.999,-0.28,1.307,-28.35
15350,0.033,-0.044,1.007,-0.023,0.7,-28.583
15375,0.036,-0.047,1.004,-0.583,0.583,-29.05
15400,0.034,-0.049,1.003,-1.493,0.303,-29.587
15425,0.035,-0.049,1.005,-1.82,1.05,-29.237
15450,0.033,-0.046,1.003,-0.397,1.143,-28.957
15475,0.036,-0.049,1.007,0.21,1.377,-28.677
15500,0.038,-0.049,1.003,0.047,1.003,-29.47
15525,0.032,-0.047,1.006,-0.793,0.677,-29.68
15550,0.035,-0.044,1.005,-1.027,0.537,-29.587
15575,0.032,-0.046,1.003,-0.187,1.353,-28.303
15600,0.039,-0.045,1.006,0.023,0.817,-28.373
15625,0.037,-0.048,1.003,-0.677,1.073,-28.187
15650,0.04,-0.049,1.008,-0.35,1.027,-27.44
15675,0.037,-0.045,1.002,-1.003,0.653,-27.93
15700,0.042,-0.046,1.009,-1.633,0.56,-27.743
15725,0.039,-0.044,1.002,-1.26,0.49,-27.347
15750,0.035,-0.047,1.005,-0.957,1.143,-26.6
15775,0.038,-0.046,1.007,0.513,1.517,-25.247
15800,0.041,-0.046,1.004,0.397,0.817,-25.177
15825,0.035,-0.047,1.006,-0.373,0.397,-24.803
15850,0.034,-0.046,1.004,-1.75,0.537,-24.873
15875,0.037,-0.048,1.005,-0.607,1.19,-23.94
15900,0.036,-0.044,1.008,-0.023,0.7,-23.31
15925,0.034,-0.051,1.002,-1.633,0.537,-22.89
15950,0.037,-0.053,1.005,-0.303,1.563,-22.213
15975,0.039,-0.043,1.007,-0.233,0.513,-22.283
16000,0.042,-0.043,1.003,0.093,0.093,-21.677
16050,0.046,-0.048,1.002,-1.26,0.583,-19.787
16075,0.036,-0.048,1.007,0.047,0.607,-19.157
16100,0.036,-0.049,1.003,0.327,0.397,-18.667
16125,0.041,-0.048,1.003,-0.35,0.747,-18.387
16175,0.042,-0.049,1,-0.84,0.21,-16.52
16200,0.044,-0.048,1.008,0.35,0.467,-15.097
16225,0.045,-0.046,1.002,-1.237,0.373,-14.28
16250,0.041,-0.043,1.007,-0.14,0.443,-12.157
16300,0.045,-0.046,1.004,-0.373,-0.21,-9.473
16325,0.048,-0.05,1.005,-1.073,0.117,-8.703
16350,0.043,-0.048,1.004,-1.657,-0.117,-7.07
16375,0.044,-0.045,1.005,0.233,0.537,-5.087
16400,0.046,-0.047,1.003,1.027,0.513,-3.313
16425,0.048,-0.049,1.003,0.56,-0.07,-2.543
16450,0.04,-0.044,1.007,-1.423,-0.42,-1.26
16475,0.038,-0.045,1.011,-1.307,-0.047,0.257
16500,0.044,-0.053,0.999,-0.233,0.63,2.077
16525,0.039,-0.049,1.005,-1.26,-0.443,2.52
16550,0.037,-0.048,1.006,-0.21,-0.443,3.523
16575,0.044,-0.046,1.005,-0.21,0.443,4.9
16600,0.048,-0.046,1.007,0.63,0.023,5.413
16625,0.042,-0.048,1.007,-0.373,-0.537,5.46
16650,0.041,-0.048,1.004,-0.443,-1.05,6.137
16675,0.044,-0.047,1.005,-0.21,-0.257,8.423
16700,0.042,-0.045,1.008,0.56,-0.047,10.383
16725,0.046,-0.046,1.004,0.42,-0.98,11.247
16750,0.046,-0.047,1.002,-0.07,-0.583,11.807
16775,0.042,-0.047,1.005,-0.28,-0.56,13.207
16800,0.051,-0.044,1.004,0.023,-0.537,14.537
16825,0.046,-0.042,1.008,-0.537,-0.98,17.057
16850,0.045,-0.046,1.002,-0.327,-0.303,19.04
16875,0.042,-0.044,1.004,0.887,-0.35,20.883
16900,0.041,-0.045,1.004,0.933,-0.957,22.283
16925,0.041,-0.045,1.004,0.98,-1.563,23.287
16950,0.042,-0.045,1.004,-0.117,-1.12,24.29
16975,0.045,-0.045,1.007,-0.747,-1.4,26.063
17000,0.042,-0.046,1.007,0.373,-0.863,27.487
17025,0.043,-0.045,1.007,1.283,-0.933,28.793
17050,0.04,-0.049,1.004,0.91,-0.817,29.073
17075,0.04,-0.044,1.005,0.023,-1.307,29.68
17100,0.041,-0.044,1.006,-0.093,-1.4,31.22
17125,0.041,-0.043,1.005,1.097,-2.17,33.11
17150,0.04,-0.043,1.008,0.513,-1.843,34.043
17175,0.039,-0.045,1.003,0.887,-0.98,35.373
17200,0.042,-0.042,1.006,1.633,-1.517,36.773
17225,0.04,-0.044,1.003,1.54,-1.61,37.66
17250,0.038,-0.044,1.006,0.957,-1.68,37.45
17275,0.039,-0.044,1.007,0.677,-1.54,37.893
17300,0.037,-0.046,1.004,0.91,-1.4,39.247
17325,0.038,-0.042,1.008,1.657,-1.003,40.227
17350,0.037,-0.047,1.002,1.773,-1.353,40.763
17375,0.038,-0.041,1.009,0.14,-1.61,40.017
17400,0.04,-0.044,1.003,-0.233,-0.863,41.323
17425,0.037,-0.046,1.003,1.493,-1.89,42.373
17450,0.038,-0.041,1.007,0.793,-1.96,42.443
17475,0.036,-0.043,1.004,0.257,-1.703,43.003
17500,0.033,-0.041,1.009,1.47,-1.307,44.31
17525,0.035,-0.044,1.005,2.333,-1.47,44.38
17550,0.038,-0.043,1.004,2.24,-1.96,44.683
17575,0.036,-0.041,1.006,1.003,-2.263,44.823
17600,0.035,-0.045,1.007,0.863,-1.937,45.85
17625,0.035,-0.042,1.002,1.61,-1.353,46.41
17650,0.033,-0.041,1.006,2.17,-1.68,47.18
17675,0.037,-0.046,1.005,2.17,-2.193,46.923
17700,0.032,-0.043,1.007,0.887,-2.217,47.133
17725,0.036,-0.043,1.01,1.89,-2.287,48.043
17750,0.034,-0.041,1.005,0.723,-2.567,47.973
17775,0.034,-0.043,1.007,1.167,-2.03,48.977
17800,0.039,-0.043,1.006,1.983,-1.913,49.21
17825,0.037,-0.043,1.004,2.1,-1.727,49.933
17850,0.034,-0.039,1.007,2.077,-1.937,50.657
17875,0.032,-0.042,1.007,1.283,-1.937,50.12
17900,0.033,-0.04,1.002,0.63,-2.263,50.19
17925,0.038,-0.045,1.004,1.027,-2.1,51.357
17950,0.032,-0.04,1.003,2.497,-1.657,51.543
17975,0.033,-0.043,1.006,1.657,-2.403,51.893
18000,0.031,-0.042,1.005,0.7,-2.473,52.22
18025,0.028,-0.043,1.004,2.777,-2.333,51.963
18050,0.033,-0.042,1.009,1.54,-2.87,51.637
18075,0.031,-0.044,1.001,0.933,-2.59,51.52
18100,0.03,-0.044,1.006,1.237,-1.703,51.38
18125,0.03,-0.04,1.007,1.75,-1.843,50.867
18150,0.03,-0.038,1.004,2.59,-2.03,51.217
18175,0.035,-0.04,1.006,2.637,-2.287,50.447
18200,0.037,-0.043,1.002,1.237,-2.613,50.423
18225,0.029,-0.045,1.009,1.167,-2.45,50.727
18250,0.03,-0.04,1.002,1.517,-2.31,51.427
18275,0.035,-0.04,1.005,2.24,-2.473,50.89
18300,0.031,-0.039,1.008,2.147,-2.59,50.54
18325,0.032,-0.048,1.001,2.193,-2.03,50.423
18350,0.029,-0.04,1.007,1.703,-2.52,49.63
18375,0.033,-0.041,1.006,0.91,-2.683,49.373
18400,0.034,-0.041,1.006,1.587,-2.03,48.837
18425,0.031,-0.043,1.007,1.727,-2.03,49.443
18450,0.031,-0.041,1.001,2.753,-1.75,49.537
18475,0.032,-0.045,1.007,2.053,-1.75,49.63
18500,0.031,-0.043,1.006,1.633,-2.497,49.513
18525,0.036,-0.043,1.006,0.07,-2.31,48.697
18550,0.032,-0.04,1.006,1.75,-2.263,49.537
18575,0.031,-0.042,1.007,2.217,-1.96,50.05
18600,0.033,-0.045,1.004,2.8,-2.637,49.793
18625,0.035,-0.042,1.008,2.287,-1.54,49.093
18650,0.032,-0.04,1.003,2.123,-2.217,49.397
18675,0.036,-0.041,1.007,1.633,-2.473,49.117
18700,0.033,-0.041,1.004,0.77,-2.59,49.257
18725,0.032,-0.04,1.004,1.12,-2.1,49.327
18750,0.036,-0.041,1.005,2.263,-1.913,50.073
18775,0.038,-0.041,1.006,2.473,-2.24,50.447
18800,0.035,-0.04,1.006,1.54,-2.427,50.4
18825,0.032,-0.044,1.007,0.91,-2.613,50.26
18850,0.038,-0.039,1.005,1.307,-2.287,51.1
18875,0.035,-0.042,1.004,2.473,-2.333,52.173
18900,0.042,-0.035,1.006,2.613,-2.287,52.547
18925,0.038,-0.038,1.006,1.82,-1.867,52.92
18950,0.031,-0.04,1.007,1.75,-1.727,53.153
18975,0.033,-0.045,1.004,1.213,-2.473,53.387
19000,0.036,-0.044,1.004,-0.023,-2.193,53.177
19025,0.037,-0.037,1.006,0.607,-2.38,53.643
19050,0.037,-0.035,1.006,1.913,-2.17,54.437
19075,0.032,-0.04,1.004,2.66,-1.983,55.067
19100,0.032,-0.045,1.005,2.053,-2.59,54.903
19125,0.036,-0.048,1.005,0.28,-3.453,54.507
19150,0.036,-0.039,1.005,0.91,-3.01,54.717
19175,0.035,-0.034,1.008,1.097,-2.427,54.95
19200,0.034,-0.038,1.006,2.403,-2.077,55.907
19225,0.032,-0.043,1.008,1.05,-2.17,55.65
19250,0.03,-0.044,1.002,1.633,-2.123,56
19275,0.033,-0.041,1.007,2.17,-2.17,55.207
19300,0.033,-0.036,1.007,1.797,-2.823,55.137
19325,0.031,-0.04,1.006,1.493,-2.497,54.647
19350,0.035,-0.045,1.004,1.143,-2.217,54.857
19375,0.034,-0.045,1.004,1.423,-2.217,54.833
19400,0.035,-0.044,1.005,1.96,-2.217,54.203
19425,0.031,-0.039,1.005,1.26,-2.73,53.06
19450,0.027,-0.039,1.007,0.327,-2.94,52.22
19475,0.031,-0.044,1.006,1.307,-2.403,52.057
19500,0.033,-0.046,1.005,2.52,-2.403,51.847
19525,0.032,-0.041,1.008,0.583,-2.007,50.657
19550,0.03,-0.039,1.005,1.75,-1.493,49.887
19575,0.03,-0.045,1.006,2.31,-1.773,49.537
19600,0.032,-0.041,1.004,1.633,-2.077,48.58
19625,0.031,-0.044,1.006,-0.327,-2.24,47.6
19650,0.031,-0.044,1.005,0.77,-1.727,46.597
19675,0.03,-0.046,1.005,0.91,-0.933,45.64
19700,0.031,-0.05,1.004,2.427,-1.797,44.847
19725,0.031,-0.048,1.003,1.19,-2.45,44.1
19750,0.029,-0.05,1.005,0.91,-2.567,42.677
19775,0.031,-0.048,1.004,0.35,-1.843,41.627
19800,0.03,-0.046,1.006,1.703,-1.377,41.393
19825,0.033,-0.046,1.004,0.98,-2.077,40.717
19850,0.036,-0.044,1.005,1.61,-1.61,40.273
19875,0.042,-0.044,1.008,2.123,-1.353,39.9
19900,0.035,-0.043,1.003,1.33,-1.563,39.76
19925,0.032,-0.046,1.006,0.583,-2.147,39.223
19950,0.034,-0.051,1.002,0.163,-1.703,39.247
19975,0.031,-0.045,1.007,1.307,-1.4,39.27
20000,0.036,-0.045,1.005,1.447,-1.54,39.643
20025,0.036,-0.049,1.002,1.937,-1.447,39.2
20050,0.036,-0.047,1.005,0.49,-1.75,37.963
20075,0.034,-0.046,1.005,0.07,-1.96,37.823
20100,0.035,-0.046,1.011,0.35,-1.61,37.987
20125,0.039,-0.044,1.005,0.56,-2.357,38.453
20150,0.043,-0.045,1.005,0.537,-1.68,38.173
20175,0.038,-0.046,1.005,1.633,-1.727,39.083
20200,0.034,-0.043,1.006,2.123,-1.727,39.13
20225,0.037,-0.044,1.005,1.073,-2.123,38.897
20250,0.043,-0.043,1.003,0.49,-1.913,38.967
20275,0.04,-0.047,1.007,0.233,-1.377,39.317
20300,0.037,-0.043,1.003,0.887,-1.423,40.647
20325,0.04,-0.047,1.007,1.867,-1.4,41.043
20350,0.04,-0.046,1.005,1.703,-1.633,40.227
20375,0.036,-0.041,1.007,0.56,-1.563,39.69
20400,0.037,-0.045,1.006,0.537,-2.17,40.577
20425,0.035,-0.046,1.006,0.887,-1.96,41.277
20450,0.04,-0.044,1.003,1.12,-1.797,42.187
20475,0.038,-0.041,1.005,1.773,-2.17,43.003
20500,0.038,-0.045,1.002,1.797,-1.89,43.843
20525,0.041,-0.046,1.004,1.89,-2.287,43.797
20550,0.041,-0.041,1.004,0.887,-2.17,43.727
20575,0.04,-0.043,1.002,0.537,-1.983,44.38
20600,0.039,-0.045,1.006,1.167,-1.913,45.103
20625,0.04,-0.044,1.005,2.077,-1.377,45.36
20650,0.039,-0.048,1.006,1.447,-2.123,45.523
20675,0.041,-0.044,1.006,0.747,-1.727,45.337
20700,0.035,-0.041,1.005,0.093,-1.89,45.92
20725,0.032,-0.037,1.008,1.283,-1.633,46.2
20750,0.031,-0.043,1.005,1.423,-1.423,45.687
20775,0.035,-0.046,1.007,1.167,-1.167,46.223
20800,0.034,-0.047,1.002,2.8,-1.027,46.62
20825,0.034,-0.042,1.004,2.217,-1.867,46.317
20850,0.033,-0.044,1.005,1.237,-2.52,46.293
20875,0.033,-0.042,1.006,0.28,-2.66,46.363
20900,0.035,-0.048,1.005,0.56,-2.823,46.387
20925,0.039,-0.046,1.005,1.143,-2.263,47.367
20950,0.036,-0.041,1.009,1.587,-2.24,47.577
20975,0.041,-0.043,1.005,1.353,-2.31,46.923
21000,0.04,-0.042,1.007,0.56,-2.333,46.853
21025,0.037,-0.043,1.003,1.89,-2.007,47.857
21050,0.036,-0.045,1.008,1.377,-2.007,47.53
21075,0.036,-0.043,1.005,1.33,-1.75,47.577
21100,0.036,-0.042,1.003,2.38,-2.1,48.93
21125,0.035,-0.043,1.005,3.01,-1.657,49.187
21150,0.033,-0.044,1.003,2.1,-2.753,49.677
21175,0.036,-0.043,1.006,1.237,-2.333,49.537
21200,0.035,-0.043,1.004,0.35,-2.52,49.77
21225,0.036,-0.043,1.008,2.053,-2.52,50.61
21250,0.04,-0.044,1.006,2.333,-2.333,50.867
21275,0.04,-0.045,1.003,2.73,-2.403,50.727
21300,0.041,-0.04,1.004,1.05,-2.543,50.89
21325,0.04,-0.042,1.001,2.52,-2.287,51.707
21350,0.038,-0.04,1.006,1.843,-2.403,51.543
21375,0.03,-0.038,1.005,0.957,-2.707,52.453
21400,0.032,-0.042,1.007,1.563,-1.657,53.037
21425,0.036,-0.044,1.006,1.983,-1.773,53.97
21450,0.034,-0.044,1.005,2.287,-2.357,53.877
21475,0.036,-0.045,1.003,1.307,-2.8,53.527
21500,0.032,-0.041,1.008,1.073,-2.87,53.457
21525,0.039,-0.038,1.008,1.61,-2.31,54.577
21550,0.037,-0.041,1.007,3.103,-3.103,55.16
21575,0.037,-0.041,1.009,2.31,-2.893,56.233
21600,0.039,-0.041,1.004,1.003,-3.36,55.58
21625,0.041,-0.038,1.008,2.287,-2.847,57.097
21650,0.043,-0.043,1.003,0.583,-3.523,57.54
21675,0.039,-0.038,1.006,0.303,-3.033,57.587
21700,0.032,-0.04,1.005,0.7,-2.38,58.147
21725,0.036,-0.041,1.008,1.913,-2.403,59.43
21750,0.042,-0.043,1.005,3.01,-2.123,59.99
21775,0.042,-0.041,1.005,2.753,-2.753,59.71
21800,0.04,-0.04,1.008,0.607,-3.033,60.037
21825,0.034,-0.042,1.007,1.12,-3.29,60.807
21850,0.036,-0.042,1.005,1.4,-2.753,61.413
21875,0.038,-0.043,1.005,2.403,-3.197,61.32
21900,0.037,-0.04,1.008,2.17,-3.15,61.6
21925,0.033,-0.041,1.008,2.123,-2.17,62.09
21950,0.037,-0.048,1.005,2.193,-3.103,62.253
21975,0.035,-0.04,1.004,1.493,-3.033,61.693
22000,0.031,-0.042,1.007,1.237,-2.847,61.623
22025,0.033,-0.045,1.003,1.937,-2.38,61.53
22050,0.03,-0.041,1.003,2.94,-1.773,62.067
22075,0.028,-0.044,1.003,1.96,-2.987,61.903
22100,0.036,-0.046,0.999,1.33,-2.94,60.713
22125,0.031,-0.045,1.007,1.073,-2.847,60.037
22150,0.025,-0.047,1.007,2.31,-3.01,60.06
22175,0.033,-0.048,1.009,2.963,-2.613,59.5
22200,0.033,-0.048,1.006,2.917,-3.197,59.01
22225,0.032,-0.045,1.009,2.31,-2.567,58.217
22250,0.037,-0.045,1.004,2.38,-2.567,57.517
22275,0.039,-0.049,1.004,2.357,-2.45,56.747
22300,0.029,-0.044,1.005,0.91,-2.403,55.93
22325,0.028,-0.046,1.006,0.933,-1.937,55.907
22350,0.032,-0.044,1.004,2.893,-1.307,55.837
22375,0.044,-0.043,1.005,3.057,-2.1,55.837
22400,0.035,-0.042,1.004,1.937,-2.87,55.347
22425,0.034,-0.039,1.008,1.073,-3.127,55.533
22450,0.03,-0.038,1.004,0.957,-2.87,56.28
22475,0.039,-0.044,1.01,2.147,-2.287,56.91
22500,0.039,-0.048,0.997,1.75,-2.707,56.49
22525,0.029,-0.046,1.012,1.517,-1.913,57.143
22550,0.029,-0.047,1.002,2.193,-1.89,56.723
22575,0.035,-0.043,1.009,1.937,-1.913,55.603
22600,0.035,-0.041,1.002,1.377,-2.59,55.323
22625,0.033,-0.038,1.008,1.073,-2.38,55.44
22650,0.035,-0.046,1.002,1.727,-1.68,55.23
22675,0.035,-0.048,1.001,2.217,-1.657,55.65
22700,0.03,-0.046,1.008,1.89,-2.847,55.837
22725,0.023,-0.046,1.004,0.163,-2.87,54.6
22750,0.031,-0.049,1,0.607,-2.427,54.53
22775,0.033,-0.048,1.006,1.213,-2.263,54.063
22800,0.032,-0.044,1.005,2.52,-3.057,54.087
22825,0.03,-0.05,1.005,1.19,-1.47,52.663
22850,0.036,-0.048,0.999,2.357,-0.98,53.223
22875,0.036,-0.046,1.007,2.357,-2.077,52.523
22900,0.029,-0.042,1.006,0.887,-2.893,51.847
22925,0.033,-0.043,1.006,0.863,-2.193,51.987
22950,0.034,-0.043,1.002,1.237,-1.447,52.173
22975,0.038,-0.044,1.004,1.633,-2.147,53.177
23000,0.037,-0.044,1.002,1.517,-2.637,52.897
23025,0.032,-0.041,1.009,1.283,-2.357,52.757
23050,0.033,-0.041,1.009,0.863,-2.473,53.247
23075,0.035,-0.045,1.007,1.213,-2.497,53.55
23100,0.039,-0.046,1.003,2.007,-2.193,54.413
23125,0.032,-0.042,1.01,1.983,-1.68,54.017
23150,0.026,-0.049,1.004,2.52,-2.03,54.717
23175,0.031,-0.053,1.003,1.68,-2.333,54.903
23200,0.031,-0.046,1.004,0.933,-2.567,53.69
23225,0.03,-0.045,1.006,0.397,-2.17,52.873
23250,0.028,-0.045,1.005,1.19,-1.82,52.43
23275,0.03,-0.05,1.006,2.52,-2.403,52.617
23300,0.03,-0.046,1.005,2.777,-2.52,51.683
23325,0.031,-0.051,1.008,1.4,-2.427,50.797
23350,0.031,-0.048,1.006,0.747,-2.263,50.353
23375,0.032,-0.045,1.002,0.42,-2.193,49.817
23400,0.033,-0.043,1.006,2.077,-2.077,49.817
23425,0.034,-0.046,1.004,1.167,-1.797,49.677
23450,0.032,-0.041,1.009,1.237,-1.68,50.097
23475,0.032,-0.048,1.003,2.567,-2.077,50.493
23500,0.036,-0.049,1.004,1.68,-1.96,50.19
23525,0.035,-0.047,1.003,1.773,-2.053,49.793
23550,0.034,-0.042,1.007,0.723,-2.613,50.517
23575,0.035,-0.043,1.007,1.26,-2.707,50.96
23600,0.04,-0.041,1.006,1.703,-1.913,51.473
23625,0.035,-0.041,1.007,2.007,-2.24,51.263
23650,0.034,-0.047,1.001,0.607,-2.683,51.147
23675,0.032,-0.044,1.005,0.77,-2.823,51.217
23700,0.034,-0.043,1.008,1.097,-2.053,51.473
23725,0.03,-0.044,1.006,0.817,-2.403,52.453
23750,0.033,-0.046,1.006,1.657,-1.96,52.033
23775,0.033,-0.042,1.005,2.52,-2.03,53.433
23800,0.032,-0.046,1.007,2.8,-2.427,53.247
23825,0.031,-0.043,1.002,0.747,-2.497,52.103
23850,0.027,-0.046,1.007,0.63,-2.45,52.407
23875,0.031,-0.048,1.003,0.91,-2.217,52.593
23900,0.032,-0.042,1.004,2.66,-1.47,52.64
23925,0.035,-0.045,1.002,2.543,-2.053,53.153
23950,0.031,-0.044,1.002,1.353,-2.963,52.407
23975,0.032,-0.042,1.011,0.397,-2.73,52.337
24000,0.031,-0.044,1.006,0.583,-1.96,53.013
24025,0.033,-0.041,1.006,1.447,-2.847,52.827
24050,0.033,-0.042,1.005,0.91,-2.753,53.97
24075,0.034,-0.041,1.006,2.45,-1.82,54.507
24100,0.034,-0.04,1.007,2.613,-2.147,55.277
24125,0.035,-0.042,1.002,1.82,-2.917,54.623
24150,0.035,-0.042,1.005,0.933,-2.683,55.207
24175,0.033,-0.04,1.005,1.213,-2.567,56
24200,0.032,-0.043,1.007,2.123,-2.17,56.84
24225,0.032,-0.041,1.007,2.427,-2.66,57.61
24250,0.031,-0.04,1.005,1.26,-2.567,57.4
24275,0.034,-0.039,1.005,0.723,-2.193,57.143
24300,0.035,-0.04,1.008,0.887,-1.89,58.123
24325,0.028,-0.04,1.006,0.957,-3.01,59.103
24350,0.031,-0.038,1.005,1.027,-2.777,58.847
24375,0.032,-0.042,1.006,1.843,-1.983,59.99
24400,0.034,-0.043,1.004,2.753,-2.38,60.247
24425,0.03,-0.043,1.007,2.31,-3.197,60.013
24450,0.027,-0.042,1.004,1.54,-2.987,59.43
24475,0.031,-0.038,1.006,0.63,-2.497,59.733
24500,0.028,-0.041,1.005,1.4,-2.17,60.41
24525,0.032,-0.042,1.005,2.17,-1.913,60.48
24550,0.027,-0.042,1.005,2.473,-2.31,59.687
24575,0.027,-0.042,1.009,1.283,-2.777,59.033
24600,0.026,-0.043,1.005,0.98,-2.8,58.753
24625,0.03,-0.04,1.007,2.053,-3.08,58.73
24650,0.029,-0.04,1.004,0.91,-3.08,58.24
24675,0.029,-0.043,1.007,1.4,-2.847,58.31
24700,0.029,-0.041,1.009,2.45,-2.357,58.777
24725,0.027,-0.044,1.006,2.52,-2.917,58.52
24750,0.028,-0.042,1.005,1.517,-2.847,57.283
24775,0.029,-0.043,1.004,1.073,-2.707,56.7
24800,0.028,-0.044,1.005,1.423,-2.87,56.187
24825,0.023,-0.042,1.007,2.473,-2.263,56.07
24850,0.024,-0.041,1.006,2.683,-2.333,55.347
24875,0.031,-0.046,1.002,2.217,-2.73,54.623
24900,0.027,-0.045,1.005,0.21,-2.8,53.433
24925,0.023,-0.041,1.01,1.283,-3.57,52.197
24950,0.022,-0.041,1.007,1.097,-3.29,51.403
24975,0.03,-0.047,1.005,0.747,-2.263,50.773
25025,0.027,-0.049,1.002,0.35,-2.683,49.513
25050,0.023,-0.046,1.005,2.567,-2.473,48.557
25075,0.025,-0.04,1.007,1.937,-1.913,47.087
25100,0.028,-0.044,1.005,0.887,-2.333,46.83
25125,0.031,-0.048,1,0.677,-2.007,46.013
25150,0.028,-0.049,1.001,1.727,-1.867,44.683
25175,0.025,-0.048,1.006,1.237,-1.493,44.31
25200,0.025,-0.041,1.007,1.05,-1.75,43.33
25225,0.027,-0.045,1.007,0.513,-1.913,41.79
25250,0.032,-0.045,1.004,0.397,-1.96,41.51
25275,0.03,-0.05,1.004,1.4,-2.007,40.763
25300,0.029,-0.047,1.005,1.377,-1.773,40.53
25325,0.027,-0.044,1.006,1.027,-1.937,38.92
25350,0.031,-0.046,1.005,2.427,-1.54,38.22
25375,0.03,-0.046,1.006,2.31,-1.867,37.963
25400,0.032,-0.047,1.004,0.653,-2.007,36.843
25425,0.029,-0.047,1.005,0.07,-1.983,36.587
25450,0.032,-0.047,1.004,1.073,-1.19,36.4
25475,0.029,-0.047,1.004,2.1,-1.167,36.4
25500,0.03,-0.045,1.003,1.657,-1.563,35.397
25525,0.032,-0.048,1.005,0.35,-2.287,35.023
25550,0.03,-0.048,1.009,0.023,-2.193,34.883
25575,0.031,-0.047,1.007,0.257,-1.75,35.023
25600,0.033,-0.046,1.004,1.4,-1.05,34.79
25625,0.034,-0.047,1.003,1.33,-0.957,34.417
25650,0.032,-0.046,1.003,1.727,-1.33,34.93
25675,0.032,-0.045,1.008,1.657,-1.47,34.37
25700,0.032,-0.045,1.006,0.653,-1.797,34.113
25725,0.033,-0.044,1.009,0.653,-1.517,33.273
25750,0.036,-0.049,1.007,1.167,-1.563,33.53
25775,0.031,-0.049,1.004,1.657,-1.61,33.717
25800,0.033,-0.046,1.002,1.563,-1.563,34.043
25825,0.033,-0.044,1.009,0.63,-1.54,33.367
25850,0.036,-0.044,1.005,-0.093,-2.123,33.04
25875,0.035,-0.044,1.004,0.77,-1.61,32.783
25900,0.037,-0.046,1.006,1.587,-0.863,33.67
25925,0.034,-0.043,1.003,2.03,-1.097,33.413
25950,0.035,-0.046,1.007,1.68,-1.073,33.297
25975,0.036,-0.045,1.003,2.333,-1.353,33.04
26000,0.037,-0.042,1.006,1.47,-1.353,32.597
26025,0.035,-0.047,1.006,0.49,-2.1,32.993
26050,0.035,-0.049,1.002,0.327,-1.423,33.133
26075,0.035,-0.046,1.008,1.143,-1.353,33.693
26100,0.034,-0.045,1.007,1.937,-1.027,34.113
26125,0.036,-0.043,1.009,1.727,-1.797,33.973
26150,0.037,-0.041,1.004,0.56,-1.913,33.25
26175,0.036,-0.046,1.005,0.747,-1.867,34.207
26200,0.039,-0.046,1.006,1.05,-1.47,34.697
26225,0.035,-0.047,1.005,1.563,-1.33,34.767
26250,0.035,-0.044,1.006,1.353,-1.237,34.907
26275,0.034,-0.043,1.006,1.96,-1.05,35.163
26300,0.035,-0.041,1.005,1.633,-1.727,35.163
26325,0.036,-0.045,1.005,0.35,-1.517,35.093
26350,0.038,-0.045,1.006,0.793,-1.633,35.233
26375,0.035,-0.049,1.006,1.423,-1.633,35.49
26400,0.036,-0.046,1.001,2.1,-1.423,36.143
26425,0.041,-0.041,1.007,2.077,-1.797,36.19
26450,0.038,-0.041,1.005,0.303,-2.193,36.003
26475,0.039,-0.041,1.005,0,-1.867,35.817
26500,0.038,-0.043,1.005,1.26,-1.447,36.89
26525,0.036,-0.045,1.006,1.867,-1.073,37.123
26550,0.035,-0.045,1.007,0.677,-1.47,37.287
26575,0.04,-0.046,1.004,1.75,-1.307,37.94
26600,0.036,-0.044,1.007,1.797,-1.54,38.29
26625,0.035,-0.043,1.006,0.887,-1.937,37.543
26650,0.034,-0.045,1.005,0.35,-2.053,37.73
26675,0.035,-0.045,1.006,1.377,-1.937,38.663
26700,0.034,-0.045,1.003,2.24,-1.633,38.243
26725,0.034,-0.045,1.003,1.703,-1.563,38.127
26750,0.034,-0.043,1.007,1.027,-1.82,37.147
26775,0.032,-0.042,1.007,1.073,-1.937,37.053
26800,0.036,-0.046,1.004,1.447,-1.423,37.007
26825,0.035,-0.048,1.006,2.03,-1.423,37.333
26850,0.032,-0.044,1.004,0.513,-1.61,36.283
26875,0.035,-0.047,1.004,1.283,-1.307,35.817
26900,0.032,-0.044,1.005,2.217,-1.587,36.237
26925,0.033,-0.046,1.008,1.353,-1.797,35.397
26950,0.033,-0.049,1.004,0.607,-2.193,34.79
26975,0.034,-0.046,1.01,0.49,-1.377,34.487
27000,0.035,-0.045,1.007,1.703,-1.493,34.743
27025,0.035,-0.047,1.004,2.473,-0.933,34.16
27050,0.036,-0.043,1.007,1.703,-1.727,33.88
27075,0.033,-0.047,1.002,0.63,-2.077,33.74
27100,0.036,-0.048,1.005,0.467,-1.843,33.343
27125,0.041,-0.046,1.004,1.19,-0.957,33.273
27150,0.034,-0.046,1.004,0.117,-1.937,33.133
27175,0.032,-0.044,1.005,0.7,-1.283,33.203
27200,0.036,-0.046,1.003,1.633,-1.003,33.553
27225,0.04,-0.048,1.004,1.517,-1.423,33.133
27250,0.034,-0.048,1.004,0.723,-1.867,32.34
27275,0.035,-0.041,1.006,0.887,-1.75,32.713
27300,0.035,-0.049,1.005,1.773,-1.703,32.76
27325,0.038,-0.047,1.009,2.193,-1.073,33.04
27350,0.039,-0.046,1.005,1.657,-1.633,32.83
27375,0.035,-0.048,1.005,0.537,-1.96,32.643
27400,0.034,-0.046,1.008,0.42,-1.307,31.827
27425,0.034,-0.049,1.003,1.493,-1.05,31.827
27450,0.036,-0.046,1.006,-0.35,-1.68,31.477
27475,0.036,-0.046,1.004,0.887,-0.933,32.013
27500,0.037,-0.045,1.006,2.147,-0.793,31.757
27525,0.036,-0.049,1.004,1.867,-1.237,31.103
27550,0.034,-0.047,1.006,0.327,-1.82,30.683
27575,0.033,-0.047,1.001,0.093,-1.657,30.497
27600,0.035,-0.045,1.005,0.233,-1.26,30.59
27625,0.036,-0.047,1.005,1.843,-1.097,31.08
27650,0.036,-0.048,1.004,1.727,-1.213,30.683
27675,0.04,-0.049,1.008,0.887,-1.377,29.82
27700,0.037,-0.046,1.003,0.817,-1.797,29.75
27725,0.039,-0.048,1.006,1.727,-1.237,30.287
27750,0.037,-0.045,1.007,0.047,-1.237,30.263
27775,0.036,-0.048,1.008,-0.35,-1.493,30.473
27800,0.036,-0.045,1.005,0.957,-0.677,31.383
27825,0.037,-0.048,1.007,1.26,-1.353,31.337
27850,0.033,-0.047,1.001,0.327,-1.517,30.427
27875,0.036,-0.048,1.004,0.233,-1.587,30.683
27900,0.035,-0.046,1.006,0.303,-1.237,30.403
27925,0.036,-0.048,0.999,1.517,-0.747,30.66
27950,0.032,-0.048,1.004,1.82,-0.747,31.057
27975,0.035,-0.048,1.004,1.68,-1.61,30.123
28000,0.035,-0.049,1.003,0.21,-1.867,29.587
28025,0.036,-0.044,1.007,0.327,-1.423,29.843
28050,0.032,-0.05,1.003,-0.35,-1.237,29.027
28075,0.032,-0.05,1.007,-0.56,-1.283,28.887
28100,0.034,-0.046,1.005,0.397,-0.863,29.633
28125,0.037,-0.049,1.004,2.287,-0.28,29.89
28150,0.04,-0.047,1.004,1.47,-1.703,28.91
28175,0.041,-0.048,1.004,0.443,-1.867,28.233
28200,0.041,-0.048,1.002,-0.373,-1.703,28.747
28225,0.035,-0.046,1.002,0.56,-1.4,30.03
28250,0.041,-0.045,1.008,1.143,-1.003,30.123
28275,0.043,-0.048,1.005,0.863,-1.633,30.193
28300,0.038,-0.05,1.006,0.163,-1.727,30.59
28325,0.037,-0.046,1.008,0.373,-1.937,30.45
28350,0.037,-0.046,1.005,0.28,-0.91,30.707
28375,0.036,-0.049,1.005,0.56,-1.19,30.52
28400,0.037,-0.048,1.005,0.91,-1.33,30.963
28425,0.039,-0.046,1.007,1.797,-1.05,31.313
28450,0.036,-0.045,1.005,1.097,-0.98,30.963
28475,0.037,-0.048,1.004,0.21,-1.563,30.753
28500,0.037,-0.045,1.004,-0.817,-1.657,30.403
28525,0.041,-0.048,1.005,0.91,-1.12,30.963
28550,0.04,-0.047,1.002,1.633,-1.073,31.383
28575,0.039,-0.048,1.006,1.68,-1.633,31.617
28600,0.039,-0.044,1.005,0.77,-1.727,31.733
28625,0.039,-0.045,1.005,0.163,-2.45,31.757
28650,0.037,-0.049,1.003,1.61,-1.237,31.337
28675,0.035,-0.047,1.005,0.303,-0.933,31.43
28700,0.035,-0.048,1.003,0.513,-0.793,31.827
28725,0.033,-0.042,1.005,1.05,-0.14,32.527
28750,0.037,-0.049,1.005,1.983,-0.49,32.083
28775,0.036,-0.047,1.006,0.607,-0.747,31.687
28800,0.035,-0.045,1.002,0.07,-1.587,31.127
28825,0.034,-0.045,1.003,-0.21,-1.89,30.987
28850,0.034,-0.046,1.007,1.097,-1.353,32.2
28875,0.035,-0.047,1.006,1.19,-1.867,32.247
28900,0.035,-0.046,1.008,0.35,-1.727,32.76
28925,0.038,-0.049,1.006,0.397,-1.867,31.78
28950,0.037,-0.045,1.006,0.84,-1.633,32.527
28975,0.038,-0.045,1.004,0.373,-1.4,32.83
29000,0.036,-0.046,1.006,-0.56,-1.727,33.04
29025,0.04,-0.045,1.004,1.283,-0.56,33.81
29050,0.045,-0.048,1.003,2.077,-0.42,34.417
29075,0.042,-0.044,1.006,1.937,-1.54,34.183
29100,0.043,-0.041,1.002,0.21,-2.03,34.697
29125,0.039,-0.046,1.004,-0.14,-1.867,35.187
29150,0.039,-0.047,1.007,0.98,-0.817,35.42
29175,0.035,-0.044,1.005,1.05,-1.213,36.097
29200,0.031,-0.049,1,1.143,-1.19,35.817
29225,0.034,-0.049,1.004,0.56,-1.75,35.793
29250,0.037,-0.05,1.007,1.47,-1.587,36.517
29275,0.036,-0.038,1.008,1.353,-1.563,36.12
29300,0.036,-0.045,1.003,0.327,-1.68,36.353
29325,0.036,-0.045,1.004,0.98,-0.887,37.357
29350,0.037,-0.053,1.004,1.447,-1.19,37.777
29375,0.037,-0.047,1.007,0.817,-1.867,37.543
29400,0.037,-0.039,1.009,0.327,-1.983,37.38
29425,0.032,-0.043,1.006,-0.093,-1.867,37.66
29450,0.042,-0.046,1.007,0.443,-2.053,38.36
29475,0.035,-0.05,1.002,1.003,-1.773,38.803
29500,0.038,-0.043,1.005,1.843,-1.237,38.827
29525,0.037,-0.043,1.007,0.7,-1.54,38.057
29550,0.04,-0.047,1.005,1.913,-1.61,39.667
29575,0.037,-0.047,1.004,1.423,-2.357,39.993
29600,0.038,-0.044,1.005,-0.07,-1.89,40.017
29625,0.042,-0.045,1.008,0.373,-1.773,40.483
29650,0.039,-0.044,1.007,0.957,-1.517,41.253
29675,0.041,-0.046,1.005,1.68,-1.75,42.14
29700,0.042,-0.044,1.002,0.583,-2.287,42.023
29725,0.045,-0.042,1.006,-0.07,-3.01,42.747
29750,0.041,-0.044,1.006,0.21,-2.45,43.773
29775,0.042,-0.049,1.006,1.237,-1.937,44.893
29800,0.04,-0.045,1.002,1.797,-1.097,44.823
29825,0.039,-0.044,1.003,1.283,-1.587,45.243
29850,0.035,-0.043,1.007,2.427,-1.563,46.317
29875,0.036,-0.042,1.006,2.007,-1.75,46.55
29900,0.034,-0.041,1.006,1.283,-2.053,46.947
29925,0.035,-0.043,1.007,0.7,-1.983,47.53
29950,0.04,-0.04,1.004,1.703,-2.147,48.44
29975,0.036,-0.042,1.006,2.17,-2.403,48.883
30000,0.035,-0.044,1.007,1.307,-2.637,48.977
30025,0.035,-0.044,1.005,-0.093,-2.87,48.72
30050,0.038,-0.045,1.007,0.467,-2.987,48.93
30075,0.039,-0.044,1.006,0.607,-2.45,49.187
30100,0.035,-0.047,1.005,2.147,-1.96,49.07
30125,0.037,-0.045,1.006,1.213,-2.24,49.023
30150,0.036,-0.044,1.005,2.403,-1.493,49.35
30175,0.033,-0.046,1.006,2.31,-2.427,49.07
30200,0.033,-0.054,1.001,1.26,-2.38,48.907
30225,0.035,-0.05,1.002,0.677,-2.38,48.09
30250,0.033,-0.046,1.005,0.56,-2.007,48.557
30275,0.033,-0.045,1.007,2.24,-2.053,47.693
30300,0.034,-0.047,1.003,2.217,-1.96,47.157
30325,0.034,-0.051,1.005,1.307,-2.077,46.293
30350,0.039,-0.05,1.006,0.933,-2.683,45.827
30375,0.04,-0.049,0.999,1.213,-2.147,45.873
30400,0.034,-0.046,1.006,1.82,-1.563,46.27
30425,0.039,-0.046,1.004,2.147,-1.727,46.41
30450,0.036,-0.044,1.007,2.333,-1.75,46.317
30475,0.035,-0.045,1.005,2.59,-1.89,46.713
30500,0.039,-0.043,1.005,1.75,-2.053,46.527
30525,0.04,-0.041,1.007,0.35,-2.17,45.757
30550,0.035,-0.043,1.002,1.097,-2.1,46.737
30575,0.038,-0.043,1.007,2.053,-1.657,47.133
30600,0.041,-0.043,1.003,2.683,-1.89,48.02
30625,0.031,-0.044,1.008,1.027,-2.147,47.997
30650,0.039,-0.043,1.006,0.42,-2.777,48.44
30675,0.044,-0.04,1,0.653,-1.657,48.347
30700,0.035,-0.042,1.007,1.47,-1.75,49.373
30725,0.03,-0.048,1.002,1.867,-2.007,49.513
30750,0.034,-0.048,1.006,0.98,-1.75,49.583
30775,0.03,-0.049,1.005,2.403,-2.31,50.097
30800,0.031,-0.043,1.008,1.797,-2.287,49.117
30825,0.035,-0.053,1.004,0.887,-3.01,48.277
30850,0.033,-0.049,1.003,0.933,-2.287,48.067
30875,0.035,-0.051,1.006,1.75,-2.123,48.113
30900,0.034,-0.049,1,2.31,-1.68,47.553
30925,0.03,-0.046,1.009,1.447,-1.96,46.503
30950,0.033,-0.049,1.003,0.537,-2.03,45.523
30975,0.036,-0.048,1.003,1.33,-2.17,45.243
31000,0.031,-0.045,1.007,1.937,-1.517,45.383
31025,0.035,-0.044,1.007,2.543,-1.773,45.547
31050,0.036,-0.048,1.003,2.053,-1.843,45.29
31075,0.037,-0.048,1.006,1.937,-1.493,45.173
31100,0.031,-0.047,1.004,1.96,-2.683,45.593
31125,0.033,-0.044,1.007,0.56,-2.357,45.033
31150,0.043,-0.053,1.004,0.443,-2.1,45.033
31175,0.038,-0.049,1.006,0.56,-1.913,44.823
31200,0.028,-0.046,1.008,1.773,-1.773,44.847
31225,0.03,-0.048,1.003,2.473,-1.68,44.823
31250,0.033,-0.05,1.005,0.583,-1.61,44.147
31275,0.031,-0.047,1.003,0.117,-2.31,43.96
31300,0.033,-0.051,1.005,0.467,-2.123,44.543
31325,0.032,-0.051,1,1.54,-1.33,43.867
31350,0.032,-0.048,1.007,0.887,-2.147,42.653
31375,0.032,-0.049,1,1.237,-2.1,42.84
31400,0.032,-0.05,1.006,1.867,-1.68,41.883
31425,0.032,-0.05,1.004,1.773,-1.96,40.437
31450,0.033,-0.044,1.01,0.98,-2.1,39.947
31475,0.036,-0.052,1.008,1.47,-1.983,39.643
31500,0.037,-0.046,1.004,2.473,-1.563,40.6
31525,0.035,-0.046,1.007,2.753,-1.377,40.413
31550,0.035,-0.044,1.003,0.77,-2.053,40.04
31575,0.034,-0.046,1.006,0.98,-1.68,39.597
31600,0.034,-0.049,1.003,0.723,-1.75,39.83
31625,0.037,-0.051,1.005,1.19,-1.377,39.807
31650,0.035,-0.047,1.004,0.093,-1.96,40.297
31675,0.034,-0.046,1.007,1.353,-1.937,40.32
31700,0.032,-0.048,1.006,2.847,-2.1,40.787
31725,0.035,-0.047,1.003,1.773,-1.843,40.203
31750,0.036,-0.048,1.006,0.327,-1.96,39.783
31775,0.034,-0.049,1.003,0.373,-1.82,39.993
31800,0.03,-0.051,1.006,1.447,-1.353,40.063
31825,0.033,-0.05,1.005,2.66,-1.05,40.483
31850,0.034,-0.049,1.003,1.75,-1.703,40.297
31875,0.034,-0.048,1.005,0.91,-2.59,40.04
31900,0.031,-0.049,1.005,0.373,-2.753,40.32
31925,0.03,-0.049,1.007,1.797,-1.54,40.04
31950,0.035,-0.051,0.999,-0.093,-2.24,39.247
31975,0.031,-0.047,1.009,0.77,-2.147,39.153
32000,0.029,-0.05,1.005,1.797,-1.237,38.827
32025,0.034,-0.052,1.003,1.657,-1.423,37.683
32075,0.027,-0.05,1.004,0.21,-1.797,36.143
32100,0.028,-0.052,1.004,1.307,-1.213,35.42
32125,0.027,-0.054,1.002,2.17,-0.793,35.607
32150,0.032,-0.05,1.003,1.493,-1.68,35.047
32200,0.03,-0.047,1.005,0.233,-1.913,32.83
32225,0.034,-0.051,1.004,0.957,-1.027,32.527
32250,0.033,-0.049,1.005,-0.373,-2.123,31.803
32275,0.03,-0.049,1.009,0.257,-1.353,31.92
32325,0.032,-0.051,1.004,1.61,-0.583,30.823
32350,0.03,-0.055,1.003,0.513,-1.68,30.287
32375,0.028,-0.054,1.006,0.303,-1.517,29.54
32400,0.026,-0.052,1.007,0.723,-0.84,29.47
32450,0.028,-0.054,1.007,1.633,-1.26,28.28
32475,0.03,-0.055,1.004,0.537,-1.19,26.95
32500,0.03,-0.053,1.004,0.117,-1.47,25.713
32525,0.026,-0.049,1.007,0.957,-1.353,25.41
32575,0.032,-0.053,1.005,-0.023,-0.863,23.753
32600,0.032,-0.05,1,1.237,-0.863,23.917
32625,0.032,-0.051,1.004,1.867,-1.003,23.123
32650,0.032,-0.048,1.01,0.91,-1.027,22.68
32700,0.033,-0.053,1.004,0.047,-0.677,21.793
32725,0.031,-0.05,1.005,1.493,-0.303,22.027
32750,0.029,-0.049,1.006,1.843,-0.653,21.257
32775,0.03,-0.051,1.004,0.863,-1.447,20.323
32800,0.033,-0.053,1.006,0.14,-1.633,20.183
32825,0.034,-0.053,1.006,-0.443,-1.423,19.88
32850,0.029,-0.053,1.005,-0.35,-0.957,18.34
32875,0.035,-0.051,1.004,-0.747,-0.98,18.923
32900,0.037,-0.047,1.005,0.07,-0.513,18.643
32925,0.036,-0.049,1.004,1.75,-0.653,18.947
32950,0.032,-0.05,1.003,0.98,-0.887,18.293
32975,0.029,-0.055,1.007,-0.303,-1.05,17.103
33000,0.031,-0.056,1.005,-0.093,-1.05,17.197
33025,0.036,-0.05,1.004,0.56,-0.793,17.71
33050,0.032,-0.048,1.007,1.33,-0.7,17.78
33075,0.034,-0.05,1.007,0.84,-0.793,17.197
33100,0.032,-0.052,1.002,0.467,-0.7,16.777
33125,0.031,-0.051,1.007,-0.233,-1.027,16.17
33150,0.035,-0.054,1.003,-0.91,-0.817,15.983
33175,0.031,-0.049,1.008,-0.7,-0.56,15.983
33200,0.032,-0.053,1.006,-0.7,-0.257,15.82
33225,0.031,-0.052,1.003,1.68,-0.187,16.45
33250,0.032,-0.047,1.008,0.957,-0.63,15.167
33275,0.036,-0.051,1.002,0.047,-1.19,14.63
33300,0.028,-0.049,1.009,-0.257,-0.653,14.42
33325,0.032,-0.05,1.006,-0.14,-0.583,14.513
33350,0.031,-0.05,1.002,1.05,-0.07,14.723
33375,0.031,-0.052,1.009,1.423,-0.187,14.373
33400,0.031,-0.053,1.003,0.677,-0.98,13.253
33425,0.029,-0.051,1.007,0.233,-1.12,13.557
33450,0.029,-0.052,1.007,-0.093,-0.747,12.67
33475,0.029,-0.052,1.007,-0.21,-0.607,11.923
33500,0.033,-0.054,1.007,0,-0.42,11.55
33525,0.033,-0.052,1.003,0.63,-0.117,11.69
33550,0.031,-0.048,1.009,1.027,-0.14,10.873
33575,0.03,-0.051,1.006,0.14,-0.443,10.15
33600,0.032,-0.054,1.003,-0.443,-0.77,8.96
33625,0.032,-0.054,1.006,-0.467,-0.84,9.73
33650,0.029,-0.054,1.002,0.84,-0.373,9.147
33675,0.03,-0.057,1.006,0.91,-0.047,8.633
33700,0.032,-0.051,1.002,0.373,-0.863,7.467
33725,0.028,-0.049,1.004,-0.35,-0.84,6.837
33750,0.035,-0.053,1.002,0.653,-0.023,6.137
33775,0.031,-0.052,1.005,-0.443,-0.28,5.483
33800,0.032,-0.052,1.007,-1.423,-0.21,5.297
33825,0.031,-0.051,1.005,0.023,0.49,5.32
33850,0.032,-0.051,1.008,0.863,0,4.807
33875,0.033,-0.055,1.003,0.863,-0.467,4.153
33900,0.031,-0.051,1.007,-0.607,-0.863,2.777
33925,0.029,-0.052,1.003,-0.957,-0.7,2.567
33950,0.031,-0.051,1.007,0.07,0.07,3.08
33975,0.031,-0.053,1.006,0.933,0.35,2.707
34000,0.031,-0.052,1.006,0.583,-0.117,2.38
34025,0.033,-0.052,1.003,-0.513,-0.957,0.653
34050,0.033,-0.053,1.005,0.35,-0.117,0.677
34075,0.032,-0.049,1.007,-0.63,-0.257,0.443
34100,0.028,-0.052,1.008,-1.213,-0.56,0.117
34125,0.037,-0.053,1.002,-0.513,-0.35,0.21
34150,0.032,-0.052,1.007,1.26,-0.28,0.373
34175,0.033,-0.051,1.004,-0.397,-0.233,-0.14
34200,0.031,-0.049,1.003,-1.213,-0.14,-0.443
34225,0.034,-0.05,1.007,-1.307,-0.327,-0.723
34250,0.035,-0.052,0.998,-0.117,0.14,-0.537
34275,0.035,-0.05,1.008,0.653,0.047,-0.233
34300,0.036,-0.05,1.001,1.213,-0.327,-0.373
34325,0.036,-0.051,1.007,-0.14,-0.397,-0.583
34350,0.032,-0.052,1.006,0.56,-0.117,-0.093
34375,0.036,-0.051,1.006,-0.49,-0.257,-0.21
34400,0.035,-0.049,1.005,-1.33,-0.233,-0.047
34425,0.035,-0.051,1.004,-0.513,-0.117,0.863
34450,0.027,-0.046,1.006,0.233,0.42,1.33
34475,0.029,-0.053,1.007,0,0.07,-0.14
34500,0.032,-0.058,1,-0.537,-0.117,-0.817
34525,0.029,-0.055,1.007,-1.4,-0.023,-1.423
34550,0.027,-0.052,1.007,-0.793,0.163,-1.61
34575,0.022,-0.052,1.005,0.397,0.537,-2.963
34600,0.025,-0.056,1.007,0.257,0.77,-3.897
34625,0.029,-0.056,1.002,-0.42,-0.023,-5.647
34650,0.021,-0.053,1.008,0.583,0.723,-7.21
34675,0.025,-0.052,1.002,-0.373,0.373,-9.263
34700,0.024,-0.055,1.007,-1.26,0.07,-10.92
34725,0.029,-0.055,1.003,-2.1,-0.28,-12.88
34750,0.03,-0.055,1,-0.467,0.187,-13.533
34775,0.025,-0.049,1.009,0.257,1.097,-14.63
34800,0.022,-0.051,1.005,-0.163,0.303,-16.263
34825,0.03,-0.055,1.005,-1.05,0.233,-17.523
34850,0.031,-0.053,1.007,-1.423,0.257,-18.76
34875,0.034,-0.054,1.007,-0.653,0.7,-18.923
34900,0.027,-0.049,1.004,0.77,1.68,-19.833
34925,0.025,-0.047,1.01,0.14,0.793,-21.07
34950,0.03,-0.051,1.004,-0.07,0.98,-21.42
34975,0.032,-0.052,1.004,-0.303,1.097,-22.75
35000,0.027,-0.052,1.004,-1.493,0.537,-23.823
35025,0.025,-0.049,1.009,-1.75,0.14,-24.827
35050,0.027,-0.053,1.005,-0.653,0.933,-24.57
35075,0.03,-0.049,1.001,-0.49,1.05,-25.69
35100,0.031,-0.052,1.007,-0.373,0.747,-26.553
35125,0.029,-0.049,1.005,-1.26,1.05,-27.627
35150,0.029,-0.053,1.008,-1.493,0.77,-28.023
35175,0.028,-0.05,1.002,-0.443,0.91,-28.77
35200,0.027,-0.053,1.005,-0.233,1.213,-28.63
35225,0.028,-0.051,1.006,-0.093,0.957,-29.563
35250,0.033,-0.051,1.005,0.677,1.587,-30.427
35275,0.033,-0.05,1.002,-0.397,1.12,-30.753
35300,0.026,-0.051,1.006,-1.307,0.677,-32.527
35325,0.028,-0.047,1.003,-2.707,0.607,-33.25
35350,0.028,-0.053,1.006,-1.447,1.797,-33.133
35375,0.031,-0.049,1.003,-0.28,1.19,-33.063
35400,0.028,-0.05,1.008,-0.513,1.237,-34.16
35425,0.023,-0.051,1.005,-1.54,1.423,-34.977
35450,0.028,-0.054,1.006,-1.913,1.563,-35.863
35475,0.029,-0.057,1.001,-2.007,1.657,-36.493
35500,0.031,-0.051,1.006,-1.423,1.797,-36.75
35525,0.025,-0.045,1.007,-0.233,2.03,-38.29
35550,0.029,-0.048,1.006,-0.747,1.843,-39.013
35575,0.028,-0.056,1.001,-0.863,1.26,-39.947
35600,0.031,-0.053,1.003,-1.213,1.097,-41.323
35625,0.031,-0.048,1.004,-2.193,1.143,-42.233
35650,0.032,-0.045,1.006,-1.843,1.867,-41.977
35675,0.033,-0.046,1.005,-0.653,2.077,-41.883
35700,0.029,-0.046,1.005,-0.747,1.68,-41.93
35725,0.031,-0.048,1.007,-1.26,1.983,-42.723
35750,0.034,-0.049,1.004,-2.053,1.773,-43.097
35775,0.035,-0.047,1.002,-2.007,1.633,-43.097
35800,0.031,-0.046,1.006,-0.84,1.937,-42.233
35825,0.029,-0.045,1.006,-0.303,1.727,-42.047
35850,0.034,-0.047,1.002,-0.91,1.54,-41.347
35875,0.036,-0.047,1.005,-0.42,1.307,-40.95
35900,0.035,-0.046,1.006,-1.05,1.05,-41.487
35925,0.034,-0.049,1.005,-1.867,1.517,-41.137
35950,0.032,-0.048,1.005,-2.1,1.33,-40.857
35975,0.034,-0.048,1.004,-1.54,1.797,-40.297
36000,0.03,-0.046,1.003,-0.957,1.867,-39.97
36025,0.032,-0.046,1.007,-0.957,2.03,-40.553
36050,0.032,-0.048,1.005,-1.633,1.54,-40.53
36075,0.033,-0.048,1.005,-1.703,0.933,-40.88
36100,0.03,-0.05,1.007,-1.517,1.353,-40.577
36125,0.031,-0.053,1.003,-0.933,1.68,-40.343
36150,0.03,-0.047,1.009,-1.073,1.633,-41.37
36175,0.033,-0.049,1.004,-0.49,1.237,-41.603
36200,0.032,-0.047,1.002,-0.793,1.19,-42.257
36225,0.034,-0.046,1.007,-1.54,1.12,-43.12
36250,0.029,-0.048,1.004,-2.683,0.957,-43.283
36275,0.028,-0.046,1.01,-1.563,2.38,-43.26
36300,0.029,-0.048,1.003,-0.373,2.24,-43.143
36325,0.03,-0.046,1.004,-0.77,1.983,-44.007
36350,0.032,-0.049,1.006,-1.983,1.657,-44.823
36375,0.03,-0.049,1.001,-2.637,1.423,-45.547
36400,0.029,-0.049,1.006,-2.357,2.17,-45.733
36425,0.029,-0.046,1.003,-1.353,1.937,-45.71
36450,0.033,-0.047,1.009,-1.913,1.447,-46.737
36475,0.028,-0.048,1.004,-1.213,2.007,-46.853
36500,0.033,-0.049,1.007,-0.607,1.96,-48.067
36525,0.029,-0.05,1.003,-2.193,1.867,-48.813
36550,0.029,-0.047,1.007,-1.867,1.843,-49.49
36575,0.026,-0.043,1.006,-1.703,2.1,-49.793
36600,0.032,-0.044,1.007,-0.677,2.777,-49.327
36625,0.03,-0.047,1.006,-1.377,2.613,-49.957
36650,0.03,-0.046,1.007,-1.983,2.053,-50.633
36675,0.031,-0.047,1.002,-2.613,1.89,-50.517
36700,0.032,-0.045,1.005,-1.703,2.147,-51.077
36725,0.032,-0.046,1.005,-1.26,1.587,-50.54
36750,0.034,-0.044,1.008,-2.17,1.703,-50.797
36775,0.031,-0.046,1.005,-0.42,1.633,-50.517
36800,0.033,-0.044,1.006,-0.607,1.82,-50.563
36825,0.034,-0.043,1.008,-1.003,1.727,-50.703
36850,0.037,-0.046,1.007,-2.263,1.913,-50.983
36875,0.03,-0.047,1.003,-1.797,2.1,-50.517
36900,0.032,-0.046,1.008,-1.12,2.823,-50.33
36925,0.029,-0.045,1.006,-0.56,2.38,-50.237
36950,0.032,-0.045,1.007,-1.423,2.357,-50.517
36975,0.033,-0.045,1.001,-2.403,1.517,-51.053
37000,0.031,-0.044,1.007,-2.357,2.03,-50.843
37025,0.033,-0.044,1.007,-1.447,1.703,-50.47
37050,0.031,-0.051,1.008,-2.52,1.47,-51.357
37075,0.034,-0.048,1.006,-1.68,1.913,-50.447
37100,0.034,-0.047,1.004,-0.84,1.983,-50.727
37125,0.033,-0.044,1.005,-1.12,1.913,-51.38
37150,0.033,-0.039,1.004,-2.03,1.75,-52.057
37175,0.029,-0.045,1.008,-1.773,2.193,-51.777
37200,0.031,-0.043,1.006,-1.353,2.333,-51.287
37225,0.033,-0.046,1.009,-0.817,2.403,-51.287
37250,0.031,-0.045,1.006,-1.213,2.217,-51.287
37275,0.032,-0.044,1.002,-2.123,1.68,-51.917
37300,0.032,-0.043,1.004,-3.29,1.493,-52.197
37325,0.034,-0.046,1.005,-1.89,2.24,-52.15
37350,0.035,-0.045,1.008,-2.8,1.377,-52.057
37375,0.038,-0.043,1.003,-1.773,1.843,-51.31
37400,0.031,-0.046,1.006,-0.467,2.31,-50.843
37425,0.033,-0.046,1.005,-0.373,1.843,-51.31
37450,0.033,-0.045,1,-2.1,1.867,-51.777
37475,0.034,-0.043,1.009,-2.007,1.75,-51.52
37500,0.032,-0.042,1.001,-1.47,1.96,-50.657
37525,0.038,-0.042,1.007,-0.77,2.263,-50.493
37550,0.036,-0.044,1.004,-1.12,2.497,-50.33
37575,0.035,-0.046,1.005,-2.777,1.773,-50.773
37600,0.034,-0.047,1.005,-2.707,0.98,-50.167
37625,0.034,-0.045,1.005,-2.007,1.47,-49.817
37650,0.035,-0.046,1.005,-1.937,1.143,-50.05
37675,0.034,-0.045,1.006,-1.727,1.493,-49.28
37700,0.036,-0.045,1.006,-0.7,1.937,-48.417
37725,0.032,-0.044,1.005,-0.35,2.217,-48.557
37750,0.035,-0.046,1.007,-1.47,2.38,-48.907
37775,0.036,-0.045,1.002,-2.31,1.82,-48.557
37800,0.035,-0.045,1.007,-1.167,2.077,-47.95
37825,0.036,-0.044,1.005,-0.327,2.263,-47.483
37850,0.034,-0.046,1.004,-0.817,1.75,-47.367
37875,0.035,-0.047,1.007,-1.773,1.097,-47.157
37900,0.034,-0.045,1.004,-2.963,0.7,-47.67
37925,0.032,-0.046,1.006,-2.287,1.493,-46.737
37950,0.035,-0.044,1.005,-2.543,0.537,-46.947
37975,0.037,-0.046,1.005,-1.89,1.213,-45.99
38000,0.039,-0.045,1.004,-1.073,1.89,-45.08
38025,0.038,-0.047,1.005,-0.397,2.543,-45.663
38050,0.038,-0.046,1.005,-0.91,1.61,-45.103
38075,0.036,-0.048,1.002,-1.517,1.283,-44.94
38100,0.038,-0.046,1.005,-1.843,1.377,-44.31
38125,0.042,-0.041,1.009,-0.817,2.077,-43.05
38150,0.037,-0.044,1.004,-0.723,1.657,-42.607
38175,0.036,-0.052,1.006,-1.61,1.353,-42.583
38200,0.036,-0.048,1.004,-2.263,1.213,-42.583
38225,0.036,-0.047,1.007,-2.053,1.47,-42.117
38250,0.038,-0.043,1.005,-1.68,1.167,-41.837
38275,0.034,-0.048,1.007,-1.96,1.75,-41.183
38300,0.038,-0.049,1.001,-0.513,1.913,-40.273
38325,0.037,-0.046,1.006,-0.21,1.797,-39.48
38350,0.037,-0.047,1.007,-0.28,1.47,-39.457
38375,0.037,-0.045,1.003,-1.75,1.097,-39.807
38400,0.038,-0.046,1.004,-2.497,1.073,-39.107
38425,0.039,-0.051,1.004,-1.4,1.447,-38.057
38450,0.038,-0.047,1.008,-0.303,1.47,-37.613
38475,0.039,-0.051,1.005,-0.863,1.19,-37.543
38500,0.034,-0.045,1.01,-1.867,1.12,-37.823
38525,0.038,-0.045,1.007,-2.193,1.167,-37.473
38550,0.039,-0.049,1.004,-1.377,1.213,-36.82
38575,0.036,-0.047,1.007,-1.517,1.47,-36.68
38600,0.034,-0.051,1.002,-1.05,1.517,-35.793
38625,0.039,-0.045,1.006,-0.233,1.96,-35.957
38650,0.036,-0.049,1.006,-0.163,1.283,-35.723
38675,0.036,-0.047,1.004,-1.447,0.84,-36.213
38700,0.037,-0.049,1.003,-2.147,0.63,-36.12
38725,0.035,-0.047,1.005,-0.7,0.91,-35.163
38750,0.035,-0.051,1.01,-0.163,1.167,-34.65
38775,0.038,-0.049,1.005,-0.91,0.957,-35.49
38800,0.04,-0.049,1.007,-2.17,0.887,-36.027
38825,0.033,-0.049,1.004,-1.703,1.213,-36.003
38850,0.031,-0.049,1.005,-1.517,1.237,-36.33
38875,0.033,-0.051,1.004,-2.24,1.563,-36.283
38900,0.034,-0.046,1.007,-0.793,1.843,-36.47
38925,0.037,-0.049,0.999,-0.163,1.587,-36.283
38950,0.033,-0.047,1.003,0.373,1.307,-36.61
38975,0.036,-0.05,1.005,-1.167,1.003,-37.217
39000,0.035,-0.05,1.004,-2.03,0.257,-37.45
39025,0.036,-0.049,1.007,-1.75,0.957,-37.077
39050,0.038,-0.046,1.006,-0.863,1.05,-36.82
39075,0.039,-0.042,1.004,-0.56,1.213,-36.983
39100,0.037,-0.049,1.007,-1.493,1.12,-37.73
39125,0.038,-0.049,0.999,-1.797,1.097,-37.683
39150,0.041,-0.047,1.001,-1.283,1.237,-37.287
39175,0.043,-0.045,1.002,-1.563,1.097,-37.427
39200,0.036,-0.046,1.007,-0.98,1.517,-37.193
39225,0.033,-0.049,1.007,-0.117,1.727,-36.587
39250,0.036,-0.05,1.004,-0.21,1.213,-36.237
39275,0.037,-0.048,1.008,-0.817,1.097,-37.03
39300,0.035,-0.047,1.003,-2.427,0.98,-37.24
39325,0.035,-0.048,1.005,-1.68,1.213,-37.077
39350,0.032,-0.049,1.003,-0.817,1.447,-37.38
39375,0.033,-0.049,1.005,-0.513,1.657,-37.31
39400,0.033,-0.05,1.003,-1.027,0.98,-37.823
39425,0.034,-0.046,1.006,-1.983,1.19,-38.29
39450,0.033,-0.046,1.005,-0.537,1.4,-39.13
39475,0.035,-0.047,1.004,-1.75,1.283,-39.2
39500,0.035,-0.049,1.005,-1.82,0.98,-39.107
39525,0.034,-0.05,1.005,-1.307,1.633,-38.687
39550,0.032,-0.045,1.005,-0.257,1.307,-39.083
39575,0.037,-0.046,1.001,-1.073,1.143,-39.643
39600,0.038,-0.047,1.006,-1.61,0.793,-39.853
39625,0.04,-0.046,1.004,-1.75,0.607,-39.69
39650,0.036,-0.044,1.005,-1.003,1.143,-39.247
39675,0.037,-0.046,1.008,-0.56,1.96,-39.107
39700,0.034,-0.044,1.007,-1.073,1.587,-39.177
39725,0.043,-0.045,1.006,-1.937,1.54,-39.363
39750,0.038,-0.049,1.007,-0.887,1.61,-38.617
39775,0.039,-0.046,1.008,-1.797,1.073,-38.733
39800,0.035,-0.048,1.002,-2.427,1.073,-38.5
39825,0.034,-0.046,1.01,-0.793,1.213,-37.777
39850,0.043,-0.044,1.002,-0.257,1.377,-37.567
39875,0.043,-0.046,1.002,0,1.073,-37.613
39900,0.039,-0.047,1.009,-1.517,0.677,-37.077
39925,0.033,-0.048,1.002,-1.82,1.12,-37.03
39950,0.03,-0.045,1.011,-1.213,1.26,-36.587
39975,0.036,-0.047,1.006,-0.537,2.077,-36.353
40000,0.041,-0.049,1.005,0.093,1.703,-36.843
40025,0.038,-0.049,1.003,-0.98,0.747,-36.563
40050,0.035,-0.044,1.003,-0.397,1.587,-36.237
40075,0.037,-0.047,1.006,-1.143,1.283,-36.517
40100,0.046,-0.048,1.002,-1.493,0.747,-36.237
40125,0.037,-0.047,1.007,-1.797,0.817,-35.21
40150,0.038,-0.049,1.008,-0.817,1.12,-34.51
40175,0.04,-0.045,1.006,-0.443,1.657,-34.253
40200,0.039,-0.048,1.007,-0.7,1.027,-34.557
40225,0.04,-0.043,1.004,-1.727,1.05,-34.44
40250,0.038,-0.044,1.007,-0.653,1.097,-33.413
40275,0.038,-0.047,1.004,0.14,1.773,-32.41
40300,0.038,-0.047,1.004,0.303,1.913,-32.34
40325,0.036,-0.047,1.007,-0.77,0.98,-32.177
40350,0.04,-0.047,1.003,-0.117,1.307,-31.127
40375,0.043,-0.047,1.006,-0.817,1.003,-30.753
40400,0.037,-0.048,1.005,-2.263,0.583,-31.033
40425,0.038,-0.048,1.003,-2.007,0.747,-30.66
40450,0.034,-0.05,1.005,-0.863,1.073,-29.82
40475,0.037,-0.045,1.009,0.327,1.167,-29.563
40500,0.039,-0.047,1.008,-0.607,0.653,-29.4
40525,0.04,-0.049,1.006,-1.563,0.793,-29.727
40550,0.034,-0.05,1.003,-1.26,1.237,-29.213
40575,0.034,-0.048,1.003,-0.163,1.773,-29.26
40600,0.035,-0.046,1.005,0.373,1.61,-28.583
40625,0.041,-0.042,1.007,-0.397,0.91,-28.793
40650,0.044,-0.047,1.005,-0.607,1.167,-28.21
40675,0.035,-0.047,1.002,-0.56,0.63,-27.953
40700,0.035,-0.052,1.003,-1.68,0.257,-28.677
40725,0.035,-0.048,1.007,-1.587,0.63,-27.883
40750,0.038,-0.048,1.006,-0.42,0.49,-27.3
40775,0.037,-0.049,1.006,0.303,1.447,-27.043
40800,0.037,-0.049,1.005,-0.14,1.027,-27.09
40825,0.038,-0.048,1.004,-0.887,1.027,-27.65
40850,0.037,-0.048,1.003,-0.723,0.887,-27.463
40875,0.036,-0.048,1.006,-0.397,1.47,-26.647
40900,0.035,-0.048,1.004,0.07,1.05,-26.437
40925,0.034,-0.049,1.006,0.14,0.91,-27.067
40950,0.036,-0.048,1.004,-0.187,0.747,-26.32
40975,0.037,-0.045,1.005,0.047,0.07,-26.623
41000,0.037,-0.047,1.003,-1.447,-0.233,-26.903
41025,0.036,-0.048,1.007,-1.82,0.327,-27.09
41050,0.035,-0.047,1.006,-1.447,1.097,-26.367
41075,0.037,-0.047,1.005,0.187,1.447,-26.087
41100,0.036,-0.046,1.007,-0.07,1.307,-26.297
41125,0.037,-0.048,1.002,-0.42,0.677,-27.067
41150,0.031,-0.048,1.004,-1.19,0.84,-26.647
41175,0.034,-0.048,1.005,-0.49,1.05,-26.763
41200,0.033,-0.044,1.006,-0.21,1.073,-26.087
41225,0.035,-0.049,1.003,-0.327,0.607,-25.807
41250,0.036,-0.046,1.008,-1.05,0.63,-26.25
41275,0.035,-0.049,1.006,-0.537,0.49,-26.46
41300,0.036,-0.048,1.003,-1.33,0.863,-27.743
41325,0.036,-0.047,1.006,-1.773,0.583,-27.743
41350,0.032,-0.047,1.003,-1.003,0.933,-27.697
41375,0.041,-0.046,1.004,0.63,1.33,-26.997
41400,0.035,-0.049,1.004,0.07,1.05,-27.557
41425,0.034,-0.05,1.008,-1.12,0.653,-28.023
41450,0.031,-0.049,1.002,-1.47,0.933,-28.233
41475,0.035,-0.047,1.005,-0.84,1.05,-28.117
41500,0.032,-0.049,1.006,-0.093,1.33,-28.467
41525,0.033,-0.05,1.006,-0.047,1.05,-28.91
41550,0.03,-0.052,1.005,-1.097,1.12,-29.587
41575,0.033,-0.047,1.005,-0.07,1.4,-30.007
41600,0.033,-0.045,1.003,-0.723,0.863,-30.66
41625,0.033,-0.047,1.002,-1.423,0.49,-31.523
41650,0.035,-0.048,1.007,-2.053,1.167,-32.223
41675,0.033,-0.046,1.006,-0.863,1.283,-32.13
41700,0.033,-0.046,1.007,0.023,1.587,-32.2
41725,0.035,-0.047,1.006,-0.327,0.98,-33.343
41750,0.034,-0.048,1.001,-1.307,1.003,-33.437
41775,0.032,-0.047,1.008,-1.843,0.957,-33.763
41800,0.034,-0.047,1.002,-1.05,1.143,-33.25
41825,0.033,-0.045,1.007,-0.047,1.19,-33.53
41850,0.034,-0.049,1.002,-0.817,1.307,-34.533
41875,0.034,-0.047,1.004,-0.723,1.377,-33.973
41900,0.035,-0.048,1.005,-0.793,0.957,-35.07
41925,0.034,-0.05,1,-2.077,0.91,-35.817
41950,0.032,-0.046,1.005,-1.657,1.33,-35.583
41975,0.032,-0.049,1.005,-1.213,1.937,-35.63
42000,0.034,-0.047,1.005,0.513,1.773,-36.05
42025,0.032,-0.048,1.003,-0.607,1.4,-36.797
42050,0.03,-0.043,1.003,-1.143,1.167,-37.403
42075,0.031,-0.047,1.006,-2.123,1.143,-37.45
42100,0.032,-0.045,1.003,-0.653,1.587,-37.403
42125,0.031,-0.046,1.007,-0.77,1.493,-37.823
42150,0.032,-0.048,1.005,-1.983,1.377,-38.663
42175,0.035,-0.047,1.007,-0.863,1.54,-38.92
42200,0.035,-0.044,1.004,-0.863,1.587,-39.83
42225,0.032,-0.045,1.005,-1.237,1.423,-40.553
42250,0.034,-0.046,1.006,-2.17,1.143,-40.343
42275,0.033,-0.048,1.001,-0.957,1.423,-40.32
42300,0.034,-0.046,1.005,-0.117,1.797,-40.157
42325,0.036,-0.046,1.005,-0.093,1.563,-40.81
42350,0.033,-0.045,1.008,-1.773,1.237,-41.79
42375,0.031,-0.045,1.007,-1.703,1.377,-41.79
42400,0.031,-0.044,1.002,-0.817,1.283,-41.487
42425,0.034,-0.046,1.007,-0.233,1.587,-41.09
42450,0.031,-0.043,1.007,-2.217,1.797,-42.117
42475,0.03,-0.046,1.006,-0.91,1.33,-41.743
42500,0.032,-0.045,1.007,-0.373,1.633,-41.883
42525,0.032,-0.047,1.006,-1.447,1.283,-42.56
42550,0.036,-0.047,1.004,-2.24,1.493,-42.84
42575,0.032,-0.042,1.004,-2.217,1.89,-42.63
42600,0.033,-0.044,1.008,-1.33,1.89,-42.49
42625,0.035,-0.048,1.002,-0.117,1.727,-42.91
42650,0.036,-0.043,1.005,-0.84,1.237,-43.283
42675,0.034,-0.046,1.006,-1.143,1.12,-43.773
42700,0.032,-0.045,1.006,-1.96,1.12,-43.283
42725,0.039,-0.045,1.005,-1.837,1.732,-43.295
42750,0.035,-0.046,1.002,-1.307,1.657,-42.653
42775,0.034,-0.042,1.009,-1.698,1.942,-43.54
42800,0.032,-0.044,1.004,-1.26,1.522,-42.648
42825,0.032,-0.045,1.004,-1.242,1.75,-43.085
42850,0.035,-0.046,1,-2.205,1.173,-42.998
42875,0.034,-0.046,1.008,-1.867,1.4,-42.56
42900,0.034,-0.046,1.006,-0.998,1.837,-41.877
42925,0.028,-0.041,1.003,-0.77,1.447,-42.28
42950,0.032,-0.041,1.007,-1.213,1.283,-42.467
42975,0.034,-0.046,1.002,-1.295,0.98,-42.472
43000,0.033,-0.048,1.005,-1.96,1.19,-42.723
43025,0.034,-0.044,1.005,-0.28,1.698,-42.157
43050,0.033,-0.041,1.005,-1.505,1.627,-41.877
43075,0.035,-0.045,1.006,-1.727,2.007,-41.347
43100,0.035,-0.047,1.002,-1.802,1.137,-42
43125,0.034,-0.047,1.005,-2.17,1.027,-41.743
43150,0.033,-0.045,1.008,-1.522,1.522,-41.388
43175,0.034,-0.045,1.006,-0.718,1.732,-40.758
43200,0.033,-0.045,1,-0.117,1.797,-40.647
43225,0.034,-0.047,1.004,-1.073,1.89,-40.413
43250,0.029,-0.047,1.003,-1.26,2.123,-40.67
43275,0.029,-0.047,1.005,-0.653,1.913,-40.857
43300,0.029,-0.045,1.002,-1.452,1.208,-41.3
43325,0.033,-0.045,1.005,-0.723,1.657,-41.16
43350,0.034,-0.048,1.004,-0.887,1.563,-41.347
43375,0.035,-0.042,1.005,-0.63,1.558,-40.985
43400,0.036,-0.042,1.005,-0.56,1.377,-40.413
43425,0.032,-0.045,1.005,-1.283,1.167,-40.367
43450,0.031,-0.048,1.005,-2.707,0.63,-41.02
43475,0.035,-0.046,1.007,-1.867,1.47,-40.46
43500,0.037,-0.047,1.007,-1.19,2.007,-39.783
43525,0.035,-0.045,1.006,0.42,1.61,-39.363
43550,0.034,-0.041,1.007,-1.097,1.027,-39.83
43575,0.032,-0.049,1.003,-2.287,1.68,-39.573
43600,0.033,-0.052,1,-2.963,1.4,-39.457
43625,0.032,-0.05,1.005,-1.027,2.053,-39.363
43650,0.031,-0.043,1.004,-1.703,1.657,-39.457
43675,0.03,-0.043,1.008,-0.863,2.007,-39.34
43700,0.036,-0.045,1.005,-0.583,1.657,-39.2
43725,0.037,-0.048,1.003,-1.12,1.143,-39.503
43750,0.032,-0.046,1.005,-1.657,0.77,-39.9
43775,0.034,-0.047,1.007,-2.403,1.423,-39.223
43800,0.03,-0.049,1.006,-1.283,1.797,-38.78
43825,0.033,-0.048,1.008,-0.583,1.913,-38.873
43850,0.032,-0.048,1.009,-1.167,1.54,-39.55
43875,0.03,-0.046,1.004,-1.96,1.983,-40.133
43900,0.03,-0.049,1.004,-2.007,2.287,-39.97
43925,0.03,-0.049,1.006,-1.073,2.03,-39.457
43950,0.03,-0.049,1.003,-1.843,1.797,-40.74
43975,0.031,-0.045,1.007,-1.027,2.03,-40.32
44000,0.031,-0.046,1.007,-0.77,0.863,-40.857
44025,0.034,-0.044,1.007,-0.373,1.027,-40.927
44050,0.031,-0.045,1.003,-2.333,0.957,-41.487
44075,0.03,-0.049,1.005,-2.637,1.493,-42.163
44100,0.033,-0.055,1.004,-2.24,1.447,-41.697
44125,0.028,-0.047,1.006,-0.49,2.123,-42.023
44150,0.028,-0.043,1.009,-0.7,1.983,-42.257
44175,0.031,-0.046,1.007,-1.447,1.26,-43.283
44200,0.031,-0.049,1.005,-2.357,1.913,-43.96
44225,0.032,-0.052,1.001,-2.123,1.773,-43.703
44250,0.027,-0.044,1.009,-1.727,1.377,-45.173
44275,0.025,-0.042,1.007,-1.47,2.053,-44.963
44300,0.03,-0.048,1.004,-0.84,2.007,-45.477
44325,0.033,-0.054,1,-1.727,1.797,-45.85
44350,0.025,-0.046,1.006,-2.333,1.19,-47.273
44375,0.028,-0.052,1.007,-2.52,1.237,-47.763
44400,0.029,-0.045,1,-1.61,2.38,-47.973
44425,0.027,-0.043,1.009,-0.397,1.937,-48.113
44450,0.03,-0.044,1.006,-1.26,1.843,-48.65
44475,0.036,-0.051,1,-1.867,2.007,-49.747
44500,0.028,-0.046,1.008,-2.053,2.427,-50.237
44525,0.027,-0.043,1.005,-1.867,2.03,-49.77
44550,0.033,-0.043,1.008,-2.03,1.913,-50.307
44575,0.029,-0.041,1.006,-1.68,2.263,-50.423
44600,0.035,-0.043,1.004,-0.863,1.913,-50.027
44625,0.03,-0.045,1.006,-1.167,1.773,-50.353
44650,0.032,-0.05,1.004,-2.17,1.633,-50.913
44675,0.028,-0.045,1.005,-2.753,1.563,-51.497
44700,0.031,-0.05,1.004,-2.683,1.47,-51.03
44725,0.027,-0.046,1.004,-1.797,1.96,-51.217
44750,0.028,-0.043,1.009,-1.517,2.287,-51.87
44775,0.029,-0.045,1.003,-1.633,2.333,-52.92
44800,0.032,-0.048,1.005,-2.123,1.96,-53.527
44825,0.026,-0.049,1.006,-2.03,2.38,-53.76
44850,0.03,-0.043,1.005,-1.867,2.17,-54.577
44875,0.026,-0.045,1.014,-1.61,2.123,-54.437
44900,0.035,-0.046,1.003,-0.817,2.053,-54.227
44925,0.032,-0.043,1.007,-1.097,1.96,-54.32
44950,0.032,-0.044,1.008,-1.61,1.82,-54.717
44975,0.03,-0.043,1,-2.077,2.077,-55.463
45000,0.03,-0.048,1.009,-2.8,2.147,-55.673
45025,0.027,-0.043,1.001,-1.773,2.17,-55.113
45050,0.03,-0.044,1.014,-0.537,2.497,-55.067
45075,0.026,-0.043,1.003,-1.237,2.193,-55.183
45100,0.029,-0.044,1.004,-2.263,2.403,-55.953
45125,0.031,-0.044,1.008,-2.637,2.24,-56.023
45150,0.037,-0.048,0.999,-1.96,1.563,-55.72
45175,0.029,-0.045,1.007,-2.24,2.03,-56.14
45200,0.027,-0.039,1.004,-1.82,1.913,-55.323
45225,0.036,-0.042,1.006,-0.957,2.123,-54.833
45250,0.037,-0.041,1.007,-1.12,1.75,-55.463
45275,0.034,-0.047,1.002,-2.403,1.587,-56.093
45300,0.032,-0.05,1.005,-2.613,1.96,-55.16
45325,0.028,-0.043,1.007,-1.703,2.147,-54.81
45350,0.036,-0.043,1.005,-0.537,2.707,-54.6
45375,0.034,-0.04,1.005,-1.307,2.38,-54.483
45400,0.027,-0.04,1.007,-2.007,2.473,-54.763
45425,0.029,-0.045,1.003,-2.613,2.263,-54.81
45450,0.034,-0.045,1.005,-1.913,1.937,-54.18
45475,0.031,-0.041,1.007,-2.17,1.867,-53.643
45500,0.039,-0.047,1.001,-1.89,2.17,-53.34
45525,0.038,-0.046,1.004,-0.56,1.657,-52.803
45550,0.036,-0.042,1.008,-0.957,1.377,-52.803
45575,0.03,-0.044,1.005,-2.17,1.237,-52.617
45600,0.036,-0.042,1.006,-2.637,2.123,-52.197
45625,0.035,-0.041,1.005,-2.123,2.45,-51.403
45650,0.034,-0.042,1.006,-0.537,2.963,-50.867
45675,0.035,-0.04,1.005,-0.957,2.147,-50.587
45700,0.037,-0.045,1.006,-1.633,2.333,-50.517
45725,0.034,-0.043,1.005,-2.147,1.983,-49.747
45750,0.03,-0.043,1.005,-1.12,1.563,-49.117
45775,0.037,-0.044,1.006,-2.473,1.097,-48.603
45800,0.035,-0.044,1.007,-2.45,1.283,-48.207
45825,0.036,-0.042,1.007,-1.12,1.073,-47.32
45850,0.039,-0.043,1.003,-1.283,1.26,-46.503
45875,0.035,-0.045,1.006,-1.563,1.633,-47.39
45900,0.03,-0.047,1.007,-2.637,1.517,-47.063
45925,0.036,-0.048,1.004,-2.1,2.053,-46.153
45950,0.036,-0.048,1.002,-0.747,2.287,-45.5
45975,0.032,-0.042,1.005,-0.117,2.357,-45.173
46000,0.031,-0.049,1.007,-1.633,2.24,-45.593
46025,0.033,-0.05,1.004,-2.17,1.89,-45.313
46050,0.031,-0.045,1.005,-1.423,0.863,-45.663
46075,0.033,-0.046,1.003,-2.007,1.19,-45.663
46100,0.036,-0.046,1.006,-2.147,1.307,-45.43
46125,0.034,-0.05,1.003,-1.33,1.26,-44.87
46150,0.035,-0.049,1.007,-1.003,1.563,-44.847
46175,0.032,-0.05,1.002,-1.097,1.237,-45.57
46200,0.034,-0.042,1.01,-2.053,1.4,-45.967
46225,0.037,-0.048,1.005,-2.17,2.053,-45.22
46250,0.036,-0.05,1.003,-0.933,2.333,-45.313
46275,0.03,-0.048,1.002,-0.63,2.357,-45.15
46300,0.032,-0.046,1.003,-1.097,1.937,-46.013
46325,0.03,-0.041,1.005,-2.217,1.89,-45.85
46350,0.033,-0.046,1.006,-1.003,1.4,-44.987
46375,0.033,-0.05,1.004,-2.1,1.143,-45.967
46400,0.032,-0.048,1.004,-1.89,1.353,-45.08
46425,0.037,-0.048,1.008,-1.307,1.54,-44.403
46450,0.038,-0.044,1.005,-0.723,0.957,-44.217
46475,0.036,-0.048,1.008,-1.423,1.33,-44.753
46500,0.036,-0.049,1.004,-2.403,1.283,-44.893
46525,0.033,-0.047,1.007,-1.75,2.053,-44.8
46550,0.034,-0.048,1.002,-0.513,2.31,-44.193
46575,0.036,-0.044,1.008,0.187,2.1,-44.1
46600,0.034,-0.045,1.005,-0.98,1.773,-44.613
46625,0.032,-0.05,1.005,-2.24,1.33,-44.31
46650,0.035,-0.042,1.002,-0.49,1.33,-43.983
46675,0.036,-0.044,1.004,-1.33,0.63,-44.1
46700,0.04,-0.048,1.006,-2.287,1.05,-43.75
46725,0.037,-0.048,1.005,-2.007,0.957,-43.283
46750,0.031,-0.049,1.004,-0.7,1.47,-43.027
46775,0.035,-0.048,1.007,-1.003,1.563,-43.587
46800,0.036,-0.047,1.005,-1.61,1.003,-43.773
46825,0.035,-0.047,1.006,-2.03,1.89,-43.727
46850,0.035,-0.044,1.003,-1.237,2.007,-43.26
46875,0.035,-0.043,1.005,-0.91,2.147,-42.467
46900,0.036,-0.045,1.007,-0.91,2.123,-42.49
46925,0.035,-0.05,1.007,-1.82,1.47,-43.167
46950,0.038,-0.047,1.005,-1.073,0.863,-42.187
46975,0.035,-0.041,1.005,-1.937,0.327,-43.19
47000,0.034,-0.046,1.007,-2.45,0.7,-42.747
47025,0.037,-0.049,1.007,-1.073,1.47,-42.233
47050,0.037,-0.05,1.006,-0.747,1.4,-41.253
47075,0.039,-0.046,1.005,-0.047,1.75,-40.95
47100,0.037,-0.047,1.005,-1.003,1.12,-41.02
47125,0.042,-0.046,1.005,-2.077,1.727,-40.6
47150,0.04,-0.047,1.005,-1.47,1.587,-39.807
47175,0.039,-0.046,1.002,-0.233,1.633,-39.153
47200,0.04,-0.045,1.007,-0.63,1.213,-39.2
47225,0.034,-0.048,1.003,-1.447,0.887,-39.667
47250,0.042,-0.045,1.004,-0.42,1.003,-38.243
47275,0.041,-0.05,1,-0.91,0.233,-38.173
47300,0.038,-0.045,1.005,-1.773,1.143,-38.873
47325,0.037,-0.046,1.005,-0.957,1.4,-37.1
47350,0.037,-0.045,1.008,-0.607,1.773,-36.517
47375,0.034,-0.049,1.007,-0.607,1.82,-36.377
47400,0.039,-0.046,1.007,-0.91,1.587,-36.703
47425,0.039,-0.044,1.005,-1.68,1.12,-36.283
47450,0.037,-0.044,1.007,-0.91,1.283,-35.397
47475,0.041,-0.047,1.003,-0.747,1.517,-34.86
47500,0.041,-0.049,1.006,-0.28,0.887,-33.483
47525,0.045,-0.049,1.004,-1.797,0.653,-33.413
47550,0.047,-0.048,1.005,-0.047,0.793,-32.177
47575,0.047,-0.047,1.007,-0.537,0.35,-31.5
47600,0.047,-0.047,1.007,-1.377,0.257,-30.217
47625,0.043,-0.046,1.008,-1.307,1.05,-29.283
47650,0.042,-0.051,1.006,-0.56,1.353,-27.837
47675,0.046,-0.046,1.004,0.373,1.423,-26.46
47700,0.052,-0.045,1.004,-0.117,0.98,-24.827
47725,0.05,-0.047,1.003,-0.98,0.443,-24.5
47750,0.046,-0.044,1.002,-1.82,0.653,-22.307
47775,0.052,-0.049,1.009,-0.793,0.817,-20.557
47800,0.047,-0.047,1.006,-0.07,0.21,-18.247
47825,0.053,-0.046,1.006,-0.42,-0.023,-17.897
47850,0.049,-0.049,1.005,0.233,-0.093,-14.047
47875,0.053,-0.049,1.007,0.14,-0.303,-12.39
47900,0.056,-0.049,1.003,-0.42,0,-11.153
47925,0.051,-0.046,1.004,-0.373,0.187,-8.75
47950,0.056,-0.046,1.006,1.283,0.7,-6.79
47975,0.055,-0.048,1.004,0.933,0.49,-3.617
48000,0.047,-0.047,1.006,0.21,0.21,-2.45
48025,0.049,-0.053,1.006,-0.863,-0.28,-0.467
48050,0.05,-0.047,1.003,-0.98,-0.163,1.353
48075,0.043,-0.049,1.003,-0.163,-0.047,3.29
48100,0.037,-0.05,1.006,0.817,-0.21,4.55
48125,0.041,-0.053,1.005,-0.047,-0.537,4.597
48150,0.06,-0.046,1.004,1.167,-0.233,6.253
48175,0.059,-0.052,1.002,1.563,-0.56,6.883
48200,0.04,-0.05,1.004,0.42,-1.33,7.35
48225,0.034,-0.045,1.009,-0.583,-0.583,8.353
48250,0.046,-0.046,1.004,0.28,-0.397,9.497
48275,0.044,-0.055,1.006,1.19,0.257,10.267
48300,0.036,-0.053,1.002,0.77,-0.257,9.87
48325,0.035,-0.051,1.007,0.07,-0.397,9.52
48350,0.048,-0.047,0.996,0.14,0.14,10.407
48375,0.027,-0.051,1.007,0.373,0.163,11.107
48400,0.024,-0.044,1.009,0.583,-0.35,11.667
48425,0.052,-0.051,1,0.817,-0.303,10.64
48450,0.058,-0.05,1.004,0.56,-0.653,11.643
48475,0.048,-0.046,1.005,0.957,-1.377,12.483
48500,0.038,-0.046,1.005,-0.257,-1.89,12.717
48525,0.037,-0.043,1.01,-0.887,-1.213,13.743
48550,0.035,-0.056,1.007,-0.023,-0.607,13.953
48575,0.052,-0.06,1.004,1.26,0.117,15.307
48600,0.051,-0.058,0.999,1.867,-0.28,14.863
48625,0.036,-0.04,1.013,1.12,0.14,14.467
48650,0.049,-0.047,1.001,0.28,0.303,14.443
48675,0.005,-0.046,1.01,0.513,0.933,14.77
48700,0.045,-0.052,1.013,0.63,0.957,14.933
48725,0.035,-0.059,0.986,1.61,0.42,14.49
48750,0.037,-0.049,1.017,0.21,0.163,14.677
48775,0.026,-0.048,0.992,1.307,-0.677,13.883
48800,0.029,-0.046,1.024,0.303,-0.747,12.903
48825,0.041,-0.056,0.991,-0.023,-1.657,12.507
48850,0.036,-0.049,1.007,-0.443,-1.05,12.693
48875,0.041,-0.05,1.01,0.443,-1.027,12.647
48900,0.034,-0.053,0.995,0.77,-0.7,12.81
48925,0.035,-0.047,1.02,0.187,-0.233,11.737
48950,0.034,-0.056,0.998,-0.14,-0.933,11.037
48975,0.034,-0.047,1.006,0.023,-0.117,11.69
49000,0.034,-0.05,1.009,0.793,-0.047,12.04
49025,0.035,-0.049,1.003,0.98,0.187,11.317
49050,0.031,-0.051,1.004,1.097,-0.583,11.06
49075,0.035,-0.05,1.007,0.957,-0.537,10.943
49100,0.029,-0.055,1.009,0.047,-1.19,9.777
49125,0.016,-0.065,1.007,-0.63,-0.98,8.913
49150,0.022,-0.046,1.005,-0.233,-0.093,8.143
49175,0.03,-0.055,1.021,0.303,-0.093,6.72
49200,0.041,-0.041,0.994,1.143,0.023,4.503
49225,0.04,-0.062,1.021,0.863,0.28,2.823
49250,0.022,-0.056,0.998,-0.723,-0.607,1.423
49275,0.029,-0.066,1.003,-1.377,-0.047,0.98
49300,0.043,-0.034,1.007,0.07,-0.117,0.63
49325,0.046,-0.043,1.007,1.097,0.093,0.607
49350,0.018,-0.073,1.01,-0.233,0.467,0.07
49375,0.017,-0.06,0.994,-0.35,-0.35,-1.097
49400,0.029,-0.053,1.009,-0.373,-0.397,-2.707
49425,0.035,-0.034,1.008,0.397,-0.327,-5.577
49450,0.031,-0.043,1.008,0.607,0.537,-7.583
49475,0.032,-0.051,1.002,0.163,0.583,-8.26
49500,0.055,-0.054,1.002,-0.257,0.373,-7.677
49525,0.063,-0.052,1.002,0.443,-0.49,-7.07
49550,0.041,-0.048,1.007,-0.537,0.187,-5.6
49575,0.031,-0.046,1.009,-0.723,-0.443,-4.807
49600,0.027,-0.049,1.009,-1.19,-0.583,-3.243
49625,0.039,-0.051,1.007,-0.187,-0.303,-2.45
49650,0.044,-0.052,0.999,0.327,0.817,-2.03
49675,0.043,-0.049,1.008,1.12,0.793,-1.47
49700,0.028,-0.047,1.002,0.887,0.327,-1.96
49725,0.03,-0.047,1.007,0.653,0.163,-2.24
49750,0.033,-0.055,1,-0.327,0.42,-2.147
49775,0.031,-0.055,0.999,-0.607,0.817,-2.193
49800,0.029,-0.049,1.007,0.863,-0.187,-2.31
49825,0.031,-0.042,1.005,0.49,-0.817,-3.313
49850,0.038,-0.048,1.008,0.56,-0.467,-4.503
49875,0.041,-0.054,1.002,-1.143,-0.98,-4.713
49900,0.036,-0.056,1.005,-0.84,-1.003,-4.783
49925,0.029,-0.053,1.009,0.21,-0.28,-4.737
49950,0.03,-0.047,1.008,0.887,0.537,-6.347
49975,0.04,-0.05,1.006,1.213,0.443,-6.883
